Timestamp,Roll,Pitch,Yaw,Gyro_X,Gyro_Y,Gyro_Z,Accel_X,Accel_Y,Accel_Z,Throttle
17:41:08.907,16.18,19.41,-100.11,0.06,0.37,-0.67,-0.35,0.29,0.91,1000
17:41:08.916,16.2,19.5,-100.11,-0.61,-0.67,-0.73,-0.34,0.28,0.93,1000
17:41:08.926,16.19,19.54,-100.12,-0.37,-0.43,-0.67,-0.35,0.28,0.92,1000
17:41:08.937,16.15,19.49,-100.12,-0.24,-0.49,-0.55,-0.34,0.29,0.95,1000
17:41:08.948,16.13,19.49,-100.13,-0.24,-0.43,-0.55,-0.34,0.28,0.92,1000
17:41:08.969,16.13,19.48,-100.13,-0.06,0.0,-0.61,-0.34,0.29,0.92,1000
17:41:08.975,16.18,19.54,-100.14,-0.73,-0.91,-0.55,-0.35,0.29,0.92,1000
17:41:08.981,16.18,19.51,-100.14,-0.49,-0.49,-0.49,-0.34,0.29,0.93,1000
17:41:08.992,16.15,19.45,-100.15,-0.24,0.12,-0.43,-0.34,0.29,0.94,1000
17:41:09.003,16.16,19.47,-100.16,-0.18,0.06,-0.61,-0.34,0.29,0.92,1000
17:41:09.017,16.19,19.52,-100.16,-0.43,-0.43,-0.49,-0.34,0.29,0.92,1000
17:41:09.028,16.19,19.52,-100.17,-0.43,-0.67,-0.55,-0.34,0.29,0.93,1000
17:41:09.036,16.19,19.49,-100.17,-0.24,-0.3,-0.3,-0.34,0.29,0.93,1000
17:41:09.050,16.17,19.47,-100.18,-0.24,-0.18,-0.55,-0.34,0.29,0.93,1000
17:41:09.058,16.15,19.48,-100.18,-0.18,-0.18,-0.49,-0.34,0.29,0.92,1000
17:41:09.078,16.16,19.51,-100.19,-0.49,-0.61,-0.37,-0.34,0.29,0.92,1000
17:41:09.082,16.15,19.48,-100.19,-0.43,-0.61,-0.43,-0.34,0.29,0.93,1000
17:41:09.092,16.16,19.43,-100.2,-0.24,-0.43,-0.43,-0.34,0.29,0.93,1000
17:41:09.102,16.17,19.41,-100.2,-0.12,-0.06,-0.55,-0.34,0.29,0.93,1000
17:41:09.116,16.21,19.44,-100.21,-0.49,-0.37,-0.55,-0.35,0.29,0.92,1000
17:41:09.124,16.24,19.46,-100.21,-0.43,-0.3,-0.37,-0.34,0.29,0.92,1000
17:41:09.135,16.22,19.47,-100.22,-0.3,-0.18,-0.55,-0.34,0.29,0.93,1000
17:41:09.146,16.2,19.48,-100.22,-0.37,-0.24,-0.73,-0.35,0.29,0.93,1000
17:41:09.157,16.17,19.51,-100.23,-0.37,-0.24,-0.55,-0.34,0.28,0.92,1000
17:41:09.175,16.16,19.5,-100.23,-0.37,-0.55,-0.43,-0.34,0.29,0.93,1000
17:41:09.183,16.16,19.47,-100.23,-0.43,-0.55,-0.49,-0.34,0.29,0.93,1000
17:41:09.192,16.17,19.44,-100.24,-0.24,-0.18,-0.24,-0.34,0.29,0.93,1000
17:41:09.201,16.19,19.43,-100.25,-0.24,-0.18,-0.55,-0.34,0.29,0.93,1000
17:41:09.212,16.19,19.45,-100.25,-0.3,-0.37,-0.49,-0.34,0.29,0.93,1000
17:41:09.223,16.18,19.46,-100.26,-0.24,-0.18,-0.55,-0.34,0.28,0.93,1000
17:41:09.234,16.18,19.48,-100.26,-0.18,-0.3,-0.49,-0.34,0.29,0.92,1000
17:41:09.245,16.19,19.5,-100.27,-0.37,-0.37,-0.55,-0.34,0.29,0.93,1000
17:41:09.256,16.18,19.48,-100.27,-0.37,-0.55,-0.24,-0.34,0.29,0.93,1000
17:41:09.269,16.17,19.44,-100.27,-0.18,-0.3,-0.49,-0.34,0.29,0.93,1000
17:41:09.288,16.19,19.42,-100.28,-0.24,-0.12,-0.61,-0.34,0.29,0.92,1000
17:41:09.289,16.19,19.44,-100.29,-0.43,-0.49,-0.3,-0.34,0.29,0.92,1000
17:41:09.299,16.19,19.41,-100.29,-0.43,-0.24,-0.55,-0.34,0.29,0.93,1000
17:41:09.311,16.17,19.42,-100.3,-0.43,-0.3,-0.43,-0.34,0.29,0.93,1000
17:41:09.322,16.16,19.43,-100.3,-0.18,-0.24,-0.49,-0.34,0.28,0.92,1000
17:41:09.334,16.17,19.49,-100.31,-0.24,-0.3,-0.55,-0.34,0.29,0.92,1000
17:41:09.344,16.19,19.52,-100.31,-0.49,-0.49,-0.49,-0.34,0.29,0.93,1000
17:41:09.355,16.17,19.51,-100.32,-0.24,-0.49,-0.55,-0.34,0.28,0.93,1000
17:41:09.366,16.17,19.48,-100.32,-0.12,-0.18,-0.37,-0.34,0.29,0.93,1000
17:41:09.383,16.18,19.47,-100.33,-0.24,-0.3,-0.49,-0.34,0.29,0.92,1000
17:41:09.390,16.2,19.46,-100.33,-0.37,-0.37,-0.61,-0.34,0.29,0.93,1000
17:41:09.399,16.21,19.42,-100.34,-0.18,-0.37,-0.67,-0.34,0.29,0.93,1000
17:41:09.410,16.2,19.4,-100.35,-0.24,-0.06,-0.67,-0.34,0.29,0.93,1000
17:41:09.421,16.19,19.41,-100.35,-0.3,-0.18,-0.85,-0.34,0.29,0.93,1000
17:41:09.432,16.18,19.45,-100.36,-0.3,-0.24,-0.49,-0.34,0.29,0.92,1000
17:41:09.443,16.19,19.47,-100.36,-0.24,-0.37,-0.49,-0.34,0.28,0.92,1000
17:41:09.454,16.16,19.47,-100.37,-0.37,-0.49,-0.43,-0.35,0.29,0.93,1000
17:41:09.466,16.17,19.47,-100.37,-0.12,-0.3,-0.55,-0.34,0.29,0.92,1000
17:41:09.486,16.2,19.48,-100.38,-0.37,-0.37,-0.37,-0.34,0.29,0.93,1000
17:41:09.492,16.2,19.46,-100.38,-0.43,-0.24,-0.55,-0.34,0.29,0.93,1000
17:41:09.499,16.2,19.44,-100.39,-0.37,-0.3,-0.55,-0.34,0.29,0.93,1000
17:41:09.509,16.19,19.44,-100.39,-0.24,-0.3,-0.37,-0.34,0.29,0.93,1000
17:41:09.521,16.2,19.44,-100.4,-0.3,-0.18,-0.55,-0.34,0.29,0.92,1000
17:41:09.531,16.19,19.47,-100.4,-0.37,-0.24,-0.73,-0.34,0.28,0.93,1000
17:41:09.542,16.16,19.47,-100.41,-0.49,-0.3,-0.49,-0.34,0.29,0.93,1000
17:41:09.553,16.17,19.48,-100.41,-0.24,-0.3,-0.61,-0.34,0.29,0.93,1000
17:41:09.564,16.18,19.5,-100.42,-0.24,-0.3,-0.43,-0.34,0.29,0.93,1000
17:41:09.576,16.19,19.49,-100.42,-0.3,-0.49,-0.43,-0.34,0.29,0.93,1000
17:41:09.594,16.19,19.47,-100.43,-0.3,-0.3,-0.67,-0.34,0.28,0.93,1000
17:41:09.597,16.19,19.45,-100.43,-0.3,-0.06,-0.43,-0.34,0.29,0.93,1000
17:41:09.608,16.18,19.43,-100.44,-0.55,-0.12,-0.61,-0.34,0.29,0.93,1000
17:41:09.619,16.14,19.45,-100.45,-0.24,-0.18,-0.49,-0.34,0.28,0.93,1000
17:41:09.630,16.12,19.47,-100.45,-0.3,-0.24,-0.43,-0.34,0.28,0.92,1000
17:41:09.641,16.13,19.48,-100.46,-0.37,-0.49,-0.67,-0.35,0.29,0.93,1000
17:41:09.654,16.13,19.48,-100.46,-0.43,-0.3,-0.37,-0.34,0.29,0.93,1000
17:41:09.663,16.14,19.47,-100.47,-0.24,-0.18,-0.61,-0.34,0.29,0.92,1000
17:41:09.674,16.18,19.49,-100.47,-0.43,-0.18,-0.55,-0.34,0.29,0.92,1000
17:41:09.697,16.18,19.5,-100.48,-0.43,-0.43,-0.49,-0.34,0.29,0.92,1000
17:41:09.697,16.19,19.49,-100.49,-0.3,-0.3,-0.67,-0.34,0.29,0.93,1000
17:41:09.707,16.17,19.47,-100.49,-0.37,-0.18,-0.55,-0.34,0.29,0.93,1000
17:41:09.718,16.15,19.47,-100.5,-0.18,-0.3,-0.49,-0.34,0.28,0.92,1000
17:41:09.730,16.16,19.48,-100.5,-0.24,-0.43,-0.61,-0.34,0.29,0.92,1000
17:41:09.740,16.15,19.49,-100.51,-0.67,-0.49,-0.67,-0.34,0.29,0.93,1000
17:41:09.751,16.15,19.47,-100.51,-0.24,-0.3,-0.61,-0.34,0.29,0.93,1000
17:41:09.762,16.16,19.47,-100.52,-0.12,-0.12,-0.49,-0.34,0.29,0.93,1000
17:41:09.773,16.18,19.49,-100.52,-0.37,-0.24,-0.49,-0.34,0.29,0.92,1000
17:41:09.794,16.19,19.49,-100.53,-0.3,-0.37,-0.49,-0.34,0.29,0.92,1000
17:41:09.795,16.19,19.46,-100.53,-0.18,-0.3,-0.43,-0.34,0.29,0.93,1000
17:41:09.807,16.18,19.46,-100.54,-0.12,-0.24,-0.43,-0.34,0.28,0.92,1000
17:41:09.819,16.16,19.48,-100.55,-0.24,-0.24,-0.43,-0.34,0.29,0.92,1000
17:41:09.828,16.16,19.47,-100.55,-0.37,-0.37,-0.55,-0.34,0.29,0.93,1000
17:41:09.839,16.16,19.48,-100.56,-0.24,-0.3,-0.55,-0.34,0.29,0.93,1000
17:41:09.850,16.17,19.48,-100.56,-0.37,-0.61,-0.43,-0.34,0.29,0.93,1000
17:41:09.861,16.17,19.48,-100.57,-0.37,-0.18,-0.61,-0.34,0.28,0.92,1000
17:41:09.872,16.19,19.48,-100.57,-0.12,-0.3,-0.55,-0.34,0.29,0.92,1000
17:41:09.891,16.18,19.5,-100.58,-0.43,-0.37,-0.55,-0.34,0.28,0.92,1000
17:41:09.896,16.19,19.49,-100.59,-0.3,-0.3,-0.43,-0.34,0.29,0.93,1000
17:41:09.905,16.17,19.48,-100.59,-0.37,-0.37,-0.37,-0.34,0.29,0.93,1000
17:41:09.916,16.15,19.48,-100.6,-0.24,-0.3,-0.55,-0.34,0.28,0.93,1000
17:41:09.927,16.15,19.48,-100.6,-0.18,-0.3,-0.55,-0.35,0.29,0.93,1000
17:41:09.938,16.16,19.48,-100.61,-0.3,-0.37,-0.43,-0.34,0.29,0.93,1000
17:41:09.949,16.18,19.47,-100.61,-0.49,-0.3,-0.61,-0.34,0.29,0.93,1000
17:41:09.961,16.17,19.46,-100.62,-0.24,-0.24,-0.55,-0.34,0.29,0.93,1000
17:41:09.971,16.17,19.47,-100.62,-0.3,-0.24,-0.61,-0.34,0.29,0.92,1000
17:41:09.982,16.18,19.47,-100.63,-0.18,-0.43,-0.55,-0.34,0.29,0.92,1000
17:41:09.994,16.17,19.46,-100.63,-0.49,-0.3,-0.67,-0.34,0.29,0.93,1000
17:41:10.004,16.16,19.45,-100.64,-0.24,-0.37,-0.55,-0.34,0.28,0.92,1000
17:41:10.015,16.14,19.45,-100.65,-0.24,-0.18,-0.67,-0.34,0.28,0.93,1000
17:41:10.026,16.14,19.47,-100.65,-0.37,-0.49,-0.55,-0.34,0.29,0.92,1000
17:41:10.037,16.14,19.49,-100.66,-0.43,-0.43,-0.61,-0.34,0.29,0.93,1000
17:41:10.048,16.14,19.48,-100.66,-0.37,-0.24,-0.61,-0.34,0.29,0.93,1000
17:41:10.059,16.15,19.48,-100.67,-0.24,-0.18,-0.67,-0.34,0.29,0.93,1000
17:41:10.070,16.16,19.49,-100.67,-0.3,-0.12,-0.49,-0.34,0.29,0.93,1000
17:41:10.081,16.18,19.49,-100.68,-0.43,-0.24,-0.43,-0.34,0.29,0.93,1000
17:41:10.099,16.18,19.49,-100.68,-0.3,-0.24,-0.55,-0.34,0.29,0.93,1000
17:41:10.106,16.16,19.49,-100.69,-0.24,-0.37,-0.37,-0.34,0.29,0.93,1000
17:41:10.114,16.15,19.49,-100.69,-0.3,-0.37,-0.55,-0.34,0.29,0.93,1000
17:41:10.125,16.15,19.48,-100.7,-0.3,-0.3,-0.49,-0.34,0.28,0.93,1000
17:41:10.136,16.16,19.46,-100.7,-0.43,-0.12,-0.43,-0.34,0.29,0.93,1000
17:41:10.148,16.17,19.45,-100.71,-0.37,-0.18,-0.49,-0.34,0.29,0.92,1000
17:41:10.158,16.16,19.45,-100.72,-0.3,-0.24,-0.49,-0.34,0.29,0.93,1000
17:41:10.169,16.16,19.45,-100.72,-0.3,-0.24,-0.43,-0.34,0.29,0.93,1000
17:41:10.182,16.15,19.46,-100.73,-0.18,-0.3,-0.3,-0.34,0.29,0.92,1000
17:41:10.198,16.15,19.48,-100.73,-0.3,-0.49,-0.55,-0.34,0.28,0.93,1000
17:41:10.204,16.16,19.46,-100.74,-0.37,-0.37,-0.3,-0.34,0.29,0.92,1000
17:41:10.213,16.17,19.45,-100.74,-0.18,-0.3,-0.61,-0.34,0.29,0.93,1000
17:41:10.224,16.17,19.45,-100.75,-0.3,-0.3,-0.49,-0.34,0.29,0.93,1000
17:41:10.235,16.18,19.46,-100.75,-0.18,-0.24,-0.61,-0.34,0.28,0.92,1000
17:41:10.246,16.18,19.46,-100.76,-0.3,-0.18,-0.43,-0.34,0.29,0.93,1000
17:41:10.257,16.17,19.46,-100.77,-0.37,-0.3,-0.43,-0.34,0.29,0.93,1000
17:41:10.268,16.17,19.45,-100.77,-0.37,-0.3,-0.73,-0.34,0.29,0.93,1000
17:41:10.279,16.16,19.45,-100.78,-0.3,-0.18,-0.67,-0.34,0.29,0.92,1000
17:41:10.293,16.16,19.47,-100.78,-0.24,-0.37,-0.37,-0.34,0.29,0.92,1000
17:41:10.305,16.16,19.46,-100.79,-0.24,-0.43,-0.43,-0.34,0.29,0.93,1000
17:41:10.312,16.16,19.47,-100.79,-0.3,-0.49,-0.37,-0.34,0.29,0.93,1000
17:41:10.328,16.17,19.46,-100.8,-0.37,-0.37,-0.43,-0.34,0.29,0.93,1000
17:41:10.337,16.19,19.46,-100.8,-0.61,-0.43,-0.37,-0.35,0.29,0.93,1000
17:41:10.345,16.15,19.48,-100.81,-0.18,0.0,-0.37,-0.35,0.29,0.93,1000
17:41:10.356,16.2,19.5,-100.81,1.46,0.85,-0.37,-0.35,0.3,0.93,1000
17:41:10.367,16.19,19.52,-100.82,-0.3,-0.06,-0.49,-0.34,0.29,0.93,1000
17:41:10.378,16.21,19.51,-100.82,-1.77,-1.04,-0.79,-0.34,0.29,0.94,1000
17:41:10.415,16.2,19.49,-100.83,-0.3,-0.06,-0.49,-0.35,0.29,0.92,1000
17:41:10.417,16.15,19.54,-100.83,-0.79,-0.79,-0.3,-0.35,0.29,0.93,1000
17:41:10.417,16.16,19.53,-100.84,0.49,0.37,-0.37,-0.35,0.29,0.92,1000
17:41:10.422,16.29,19.27,-100.84,-0.73,1.28,-0.67,-0.32,0.33,1.0,1000
17:41:10.433,16.44,19.15,-100.86,-0.06,3.23,-1.71,-0.32,0.3,0.86,1000
17:41:10.444,16.49,19.39,-100.88,-0.12,1.89,-2.2,-0.36,0.3,0.89,1000
17:41:10.456,16.5,20.17,-100.9,-2.8,-5.43,-0.79,-0.35,0.3,0.88,1000
17:41:10.471,16.16,20.09,-100.9,-1.46,-2.38,0.24,-0.38,0.29,0.97,1000
17:41:10.479,15.76,19.99,-100.89,2.2,-4.76,1.28,-0.39,0.25,0.95,1000
17:41:10.489,15.36,19.9,-100.87,5.61,-6.04,2.68,-0.33,0.28,1.0,1000
17:41:10.503,15.41,19.54,-100.84,7.87,-2.01,3.23,-0.34,0.28,0.9,1000
17:41:10.523,15.54,19.34,-100.8,7.62,-0.73,3.23,-0.36,0.29,1.02,1000
17:41:10.523,15.9,19.18,-100.76,6.4,-1.71,4.02,-0.35,0.31,0.89,1000
17:41:10.532,16.22,19.06,-100.72,5.85,-2.44,4.63,-0.33,0.28,0.94,1000
17:41:10.547,16.34,18.96,-100.67,3.35,-3.78,4.45,-0.33,0.3,0.9,1000
17:41:10.555,16.78,19.08,-100.63,1.04,-5.12,2.5,-0.35,0.31,0.9,1000
17:41:10.566,17.02,19.0,-100.61,-0.43,-3.41,0.79,-0.33,0.31,0.91,1000
17:41:10.576,17.27,18.88,-100.62,-1.16,-0.85,-1.04,-0.33,0.33,0.96,1000
17:41:10.587,17.17,18.88,-100.64,-0.49,0.43,-1.46,-0.32,0.31,0.91,1000
17:41:10.607,16.93,18.85,-100.65,-1.22,2.5,-1.34,-0.35,0.28,0.95,1000
17:41:10.610,16.8,19.18,-100.66,-0.98,0.67,-0.91,-0.34,0.28,0.96,1000
17:41:10.623,16.72,19.3,-100.66,-0.67,-0.18,0.3,-0.38,0.3,0.95,1000
17:41:10.635,17.11,19.23,-100.67,-0.67,-1.83,-0.79,-0.32,0.32,0.9,1000
17:41:10.643,17.11,18.79,-100.69,-2.13,-2.2,-3.05,-0.33,0.28,0.93,1000
17:41:10.655,16.91,18.74,-100.73,-3.11,0.06,-3.78,-0.34,0.28,0.96,1000
17:41:10.665,16.72,18.51,-100.77,-3.6,4.76,-2.62,-0.31,0.31,0.99,1000
17:41:10.675,16.63,18.47,-100.8,-4.21,9.82,-2.62,-0.33,0.27,0.92,1000
17:41:10.686,16.19,19.06,-100.83,-1.46,4.51,-2.32,-0.35,0.24,0.88,1000
17:41:10.697,15.82,19.91,-100.84,-3.23,0.3,-1.04,-0.36,0.26,0.94,1000
17:41:10.716,16.62,20.08,-100.85,-2.93,-1.16,-1.65,-0.32,0.3,0.9,1000
17:41:10.721,16.4,20.52,-100.86,-6.1,-4.63,-0.85,-0.38,0.31,0.96,1000
17:41:10.730,16.45,19.9,-100.89,-4.27,-7.07,-2.62,-0.25,0.22,0.95,1000
17:41:10.741,16.29,19.33,-100.93,-3.41,-2.38,-4.27,-0.33,0.23,0.91,1000
17:41:10.752,16.14,19.28,-100.97,-1.34,0.85,-4.88,-0.35,0.31,0.94,1000
17:41:10.763,16.34,19.16,-101.04,0.49,2.26,-5.73,-0.32,0.29,0.94,1000
17:41:10.774,16.21,18.68,-101.1,0.79,4.15,-6.22,-0.28,0.27,0.94,1000
17:41:10.785,16.41,17.8,-101.17,-1.22,10.91,-7.13,-0.3,0.29,0.96,1000
17:41:10.796,16.97,17.84,-101.25,-9.7,10.67,-7.8,-0.37,0.31,0.85,1000
17:41:10.824,17.23,19.29,-101.33,-12.26,4.15,-6.77,-0.4,0.28,0.85,1000
17:41:10.824,17.1,20.12,-101.4,-11.34,-3.29,-5.98,-0.41,0.22,0.87,1000
17:41:10.831,16.74,19.74,-101.46,-5.79,-7.5,-6.89,-0.22,0.32,0.77,1000
17:41:10.849,15.36,20.69,-101.53,-3.54,-12.56,-5.49,-0.48,0.25,1.01,1000
17:41:10.853,14.8,21.47,-101.57,-1.34,-9.45,-1.46,-0.41,0.31,1.02,1000
17:41:10.873,14.76,20.65,-101.56,3.23,-5.79,2.44,-0.31,0.3,1.06,1000
17:41:10.873,14.69,19.9,-101.53,8.17,-4.45,2.99,-0.33,0.27,0.92,1000
17:41:10.884,15.09,19.62,-101.49,8.6,-4.27,2.93,-0.32,0.3,0.93,1000
17:41:10.895,15.84,19.58,-101.46,4.15,-4.21,2.2,-0.33,0.31,0.87,1000
17:41:10.907,16.25,19.3,-101.45,1.52,-3.29,0.85,-0.31,0.31,0.92,1000
17:41:10.921,16.61,18.87,-101.44,-1.16,-1.1,-0.12,-0.31,0.3,0.95,1000
17:41:10.928,16.45,18.74,-101.45,-0.73,-0.18,-0.55,-0.35,0.27,0.93,1000
17:41:10.939,16.18,19.55,-101.45,0.3,-5.12,0.18,-0.38,0.25,0.88,1000
17:41:10.950,15.66,20.4,-101.43,2.38,-11.22,3.05,-0.42,0.24,0.88,1000
17:41:10.961,15.13,21.17,-101.37,5.24,-16.16,6.83,-0.38,0.25,0.96,1000
17:41:10.972,13.97,19.76,-101.28,16.89,-9.33,10.24,-0.26,0.23,0.99,1000
17:41:10.983,14.66,18.02,-101.17,18.6,1.04,9.15,-0.24,0.44,1.08,1000
17:41:10.994,16.5,16.66,-101.1,18.48,7.74,2.74,-0.29,0.41,0.91,1000
17:41:11.005,18.52,16.25,-101.12,4.76,2.87,-4.82,-0.24,0.39,0.78,1000
17:41:11.021,19.95,16.85,-101.2,-5.49,2.8,-8.11,-0.31,0.34,0.71,1000
17:41:11.030,19.88,17.95,-101.29,-11.1,6.04,-8.29,-0.37,0.31,0.91,1000
17:41:11.040,19.09,18.46,-101.37,-15.3,6.77,-5.91,-0.35,0.27,0.95,1000
17:41:11.049,17.77,18.72,-101.43,-8.66,5.73,-5.67,-0.36,0.24,1.03,1000
17:41:11.060,16.48,18.99,-101.48,-1.83,2.74,-3.29,-0.38,0.23,0.98,1000
17:41:11.071,15.48,19.44,-101.5,3.72,0.49,-0.43,-0.32,0.26,0.95,1000
17:41:11.082,15.89,18.83,-101.5,-1.95,11.22,-0.37,-0.33,0.34,0.96,1000
17:41:11.093,16.73,18.47,-101.51,-10.98,13.72,-1.95,-0.28,0.36,0.84,1000
17:41:11.104,17.32,17.97,-101.55,-20.12,14.39,-5.0,-0.33,0.35,0.96,1000
17:41:11.130,18.18,18.17,-101.61,-20.85,22.07,-6.59,-0.34,0.4,0.89,1000
17:41:11.131,17.43,18.45,-101.7,-21.1,25.0,-8.9,-0.38,0.27,1.01,1000
17:41:11.138,16.24,19.49,-101.78,-21.95,23.72,-5.61,-0.42,0.2,0.96,1000
17:41:11.148,15.27,20.33,-101.82,-16.28,23.66,-2.87,-0.38,0.23,0.96,1000
17:41:11.159,13.9,21.3,-101.85,-14.51,22.87,-0.67,-0.39,0.19,0.91,1000
17:41:11.174,13.67,21.67,-101.84,-11.22,17.44,0.43,-0.38,0.26,0.94,1000
17:41:11.181,13.29,21.93,-101.83,-8.41,15.55,0.67,-0.4,0.2,0.92,1000
17:41:11.192,13.27,21.85,-101.81,-6.22,16.95,2.56,-0.36,0.26,0.98,1000
17:41:11.203,13.72,21.45,-101.79,-5.49,20.85,0.85,-0.37,0.33,0.97,1000
17:41:11.228,14.46,21.6,-101.8,-5.73,24.51,-3.23,-0.45,0.35,1.03,1000
17:41:11.228,15.22,22.1,-101.88,-0.79,32.5,-9.33,-0.45,0.39,1.01,1000
17:41:11.235,15.71,22.63,-102.01,2.38,37.44,-15.43,-0.46,0.33,1.02,1000
17:41:11.247,15.44,23.85,-102.23,4.21,39.45,-19.82,-0.52,0.24,0.96,1000
17:41:11.258,14.99,25.15,-102.45,6.83,40.98,-20.3,-0.45,0.23,0.9,1000
17:41:11.269,15.0,25.72,-102.67,9.33,42.74,-21.59,-0.44,0.28,0.9,1000
17:41:11.280,15.42,26.41,-102.92,8.29,41.83,-22.8,-0.5,0.33,0.86,1000
17:41:11.293,15.66,27.22,-103.18,7.07,39.45,-23.48,-0.46,0.27,0.86,1000
17:41:11.302,15.36,27.77,-103.44,11.71,39.02,-22.8,-0.48,0.25,0.87,1000
17:41:11.313,14.93,28.18,-103.7,16.83,37.8,-23.54,-0.49,0.25,0.92,1000
17:41:11.324,14.74,27.93,-103.96,18.84,35.24,-24.02,-0.44,0.3,0.88,1000
17:41:11.336,14.78,27.89,-104.19,19.09,31.59,-23.11,-0.47,0.27,0.86,1000
17:41:11.346,14.49,28.27,-104.44,24.27,24.94,-19.02,-0.48,0.23,0.87,1000
17:41:11.357,14.43,28.55,-104.62,22.87,24.02,-13.66,-0.47,0.26,0.88,1000
17:41:11.368,14.24,28.53,-104.74,19.27,25.61,-8.84,-0.47,0.23,0.88,1000
17:41:11.379,14.1,28.45,-104.81,13.72,25.49,-5.49,-0.48,0.25,0.91,1000
17:41:11.390,14.29,28.43,-104.87,8.35,27.26,-4.51,-0.48,0.27,0.88,1000
17:41:11.403,14.43,28.7,-104.91,3.35,25.37,-3.48,-0.52,0.28,0.91,1000
17:41:11.412,14.69,28.94,-104.94,1.46,21.71,-2.5,-0.52,0.3,0.9,1000
17:41:11.424,14.98,29.02,-104.97,0.0,15.3,-2.56,-0.53,0.3,0.92,1000
17:41:11.438,15.08,29.41,-105.0,0.98,8.72,-2.2,-0.58,0.29,0.9,1000
17:41:11.445,15.11,30.03,-105.02,2.93,4.51,-2.2,-0.62,0.3,0.92,1000
17:41:11.456,15.34,30.68,-105.05,5.06,1.16,-2.99,-0.63,0.33,0.93,1000
17:41:11.467,15.47,31.2,-105.09,10.37,-0.91,-3.48,-0.62,0.3,0.93,1000
17:41:11.478,15.24,31.05,-105.12,15.37,0.24,-0.98,-0.59,0.22,1.07,1000
17:41:11.489,15.28,30.39,-105.09,21.52,-5.06,5.24,-0.52,0.3,0.93,1000
17:41:11.500,15.81,30.03,-105.0,24.09,-13.9,9.45,-0.49,0.41,0.92,1000
17:41:11.512,16.38,29.68,-104.86,23.9,-20.43,15.67,-0.55,0.35,0.89,1000
17:41:11.540,17.0,29.87,-104.64,17.5,-37.56,23.84,-0.63,0.38,0.92,1000
17:41:11.540,17.73,30.24,-104.34,3.23,-50.43,30.79,-0.61,0.42,0.88,1000
17:41:11.544,18.19,29.8,-103.96,-15.24,-56.4,37.26,-0.57,0.4,0.95,1000
17:41:11.555,17.92,29.25,-103.5,-32.2,-57.38,44.33,-0.56,0.32,0.93,1000
17:41:11.567,16.92,28.67,-102.97,-44.39,-56.59,50.79,-0.54,0.28,0.94,1000
17:41:11.577,15.84,28.37,-102.39,-51.28,-57.01,53.54,-0.54,0.26,0.89,1000
17:41:11.588,14.96,28.04,-101.8,-55.67,-60.91,52.93,-0.53,0.28,0.91,1000
17:41:11.599,14.24,28.0,-101.24,-56.65,-65.24,50.12,-0.55,0.25,0.91,1000
17:41:11.610,13.66,28.04,-100.7,-56.04,-71.22,47.44,-0.58,0.23,0.93,1000
17:41:11.621,12.94,26.92,-100.21,-53.35,-77.38,42.38,-0.41,0.21,0.89,1000
17:41:11.637,11.78,25.34,-99.77,-47.32,-78.35,37.62,-0.39,0.16,0.93,1000
17:41:11.643,10.39,24.35,-99.38,-40.18,-79.27,34.88,-0.38,0.09,0.87,1000
17:41:11.654,8.85,23.29,-99.01,-32.93,-75.73,32.07,-0.39,0.11,0.93,1000
17:41:11.665,7.82,22.5,-98.67,-32.32,-72.01,30.55,-0.38,0.1,0.93,1000
17:41:11.694,7.12,21.62,-98.34,-37.44,-68.11,29.39,-0.38,0.13,0.95,1000
17:41:11.694,6.86,21.09,-98.02,-44.15,-63.84,28.84,-0.38,0.15,0.95,1000
17:41:11.700,6.69,20.41,-97.7,-53.9,-59.94,28.48,-0.34,0.16,0.94,1000
17:41:11.709,6.41,19.57,-97.39,-65.79,-57.32,29.45,-0.31,0.13,0.92,1000
17:41:11.724,5.73,18.69,-97.05,-74.21,-53.54,31.16,-0.3,0.1,0.93,1000
17:41:11.731,4.97,17.97,-96.7,-80.0,-48.05,32.13,-0.29,0.1,0.95,1000
17:41:11.746,4.28,17.33,-96.35,-85.73,-42.99,31.52,-0.29,0.09,0.96,1000
17:41:11.753,3.31,16.94,-96.01,-89.7,-38.23,30.12,-0.32,0.06,1.0,1000
17:41:11.764,2.16,16.94,-95.7,-92.5,-36.65,27.68,-0.34,0.01,1.01,1000
17:41:11.775,0.56,16.86,-95.41,-92.99,-39.21,25.61,-0.3,-0.03,0.99,1000
17:41:11.788,-1.04,15.82,-95.13,-93.96,-44.45,23.9,-0.21,-0.04,1.01,1000
17:41:11.797,-2.35,14.11,-94.89,-89.7,-47.5,20.61,-0.15,-0.06,1.01,1000
17:41:11.808,-3.93,12.26,-94.69,-82.07,-50.12,17.44,-0.15,-0.12,1.02,1000
17:41:11.819,-5.49,11.04,-94.51,-70.85,-53.48,14.57,-0.17,-0.13,1.0,1000
17:41:11.844,-6.49,10.33,-94.37,-60.3,-57.93,10.91,-0.19,-0.12,1.0,1000
17:41:11.847,-6.91,10.02,-94.28,-52.44,-62.2,6.1,-0.2,-0.08,1.0,1000
17:41:11.852,-6.82,9.26,-94.25,-49.82,-63.78,0.12,-0.14,-0.06,1.02,1000
17:41:11.864,-6.63,8.03,-94.28,-49.45,-60.85,-5.49,-0.11,-0.09,1.02,1000
17:41:11.874,-7.27,6.84,-94.36,-48.96,-55.18,-7.74,-0.08,-0.15,1.01,1000
17:41:11.885,-8.28,5.05,-94.45,-47.32,-48.29,-8.29,0.01,-0.12,1.02,1000
17:41:11.896,-9.18,3.57,-94.55,-46.77,-43.54,-9.76,-0.04,-0.19,0.96,1000
17:41:11.907,-9.71,2.76,-94.67,-41.71,-42.68,-12.32,-0.03,-0.14,0.98,1000
17:41:11.918,-9.64,1.87,-94.84,-36.28,-39.45,-18.72,0.01,-0.11,0.98,1000
17:41:11.944,-9.09,1.15,-95.09,-30.37,-37.26,-26.28,0.02,-0.11,0.96,1000
17:41:11.950,-8.42,0.75,-95.43,-24.63,-33.54,-33.9,-0.02,-0.07,0.97,1000
17:41:11.951,-7.99,0.1,-95.85,-19.94,-30.24,-41.28,0.03,-0.1,0.99,1000
17:41:11.962,-7.75,-1.31,-96.33,-13.72,-26.22,-45.43,0.1,-0.11,0.98,1000
17:41:11.973,-7.6,-3.01,-96.85,-6.52,-24.51,-47.68,0.12,-0.11,0.95,1000
17:41:11.986,-7.46,-4.16,-97.38,0.37,-25.43,-47.8,0.1,-0.12,0.94,1000
17:41:11.996,-7.29,-4.94,-97.89,6.04,-26.89,-46.16,0.09,-0.11,0.94,1000
17:41:12.006,-6.91,-5.28,-98.38,6.52,-27.8,-43.17,0.07,-0.08,0.95,1000
17:41:12.017,-6.18,-5.26,-98.84,3.48,-28.23,-40.98,0.06,-0.04,0.95,1000
17:41:12.028,-4.95,-5.4,-99.29,-2.68,-27.07,-40.55,0.08,-0.0,0.97,1000
17:41:12.046,-3.62,-5.32,-99.73,-9.88,-26.04,-40.55,0.04,0.02,0.95,1000
17:41:12.054,-2.66,-5.08,-100.18,-17.5,-25.91,-39.94,0.04,0.02,0.93,1000
17:41:12.063,-2.13,-5.14,-100.61,-23.66,-26.34,-38.78,0.06,0.02,0.89,1000
17:41:12.072,-1.96,-5.34,-101.02,-28.41,-26.89,-35.79,0.07,-0.02,0.88,1000
17:41:12.083,-2.18,-5.56,-101.39,-32.38,-26.89,-32.26,0.08,-0.03,0.86,1000
17:41:12.094,-2.6,-5.63,-101.73,-34.57,-24.63,-29.88,0.06,-0.05,0.89,1000
17:41:12.105,-3.01,-5.38,-102.05,-36.71,-20.79,-28.48,0.05,-0.05,0.9,1000
17:41:12.117,-3.03,-4.84,-102.37,-38.05,-14.94,-30.0,0.02,-0.02,0.92,1000
17:41:12.128,-3.17,-3.56,-102.71,-37.74,-8.72,-31.65,-0.07,-0.04,0.93,1000
17:41:12.148,-2.96,-1.67,-103.07,-34.57,-3.96,-34.7,-0.09,0.01,0.92,1000
17:41:12.149,-2.03,-0.21,-103.49,-31.46,-2.07,-40.67,-0.07,0.04,0.92,1000
17:41:12.161,-1.55,0.5,-103.97,-27.2,-2.01,-46.1,-0.04,0.01,0.9,1000
17:41:12.172,-1.29,0.49,-104.5,-20.12,-0.49,-48.54,0.01,-0.01,0.9,1000
17:41:12.182,-1.47,-0.19,-105.03,-10.67,3.05,-48.35,0.06,-0.05,0.91,1000
17:41:12.194,-2.19,-1.06,-105.54,0.12,8.41,-44.88,0.07,-0.09,0.92,1000
17:41:12.204,-2.79,-1.19,-106.01,10.0,14.02,-40.49,0.01,-0.1,0.93,1000
17:41:12.215,-3.25,-0.43,-106.43,15.67,17.32,-36.16,-0.04,-0.09,0.92,1000
17:41:12.230,-2.95,0.59,-106.81,16.71,17.2,-33.9,-0.07,-0.03,0.94,1000
17:41:12.238,-2.33,1.91,-107.18,19.15,16.59,-33.48,-0.11,0.0,0.93,1000
17:41:12.258,-1.14,2.42,-107.55,9.7,12.26,-33.05,-0.03,0.07,0.98,1000
17:41:12.259,0.02,2.46,-107.92,6.04,14.27,-34.02,-0.04,0.04,0.96,1000
17:41:12.270,0.82,2.56,-108.3,1.46,14.45,-34.09,-0.04,0.04,0.96,1000
17:41:12.281,1.35,2.69,-108.67,-7.26,14.94,-32.99,-0.05,0.04,0.97,1000
17:41:12.292,1.47,3.24,-109.03,-11.4,17.07,-32.56,-0.1,0.01,0.99,1000
17:41:12.304,1.23,4.52,-109.38,-14.45,18.54,-31.16,-0.17,0.0,1.05,1000
17:41:12.314,1.11,5.82,-109.71,-21.16,16.52,-29.76,-0.19,0.01,1.1,1000
17:41:12.325,0.67,6.71,-110.02,-22.99,13.11,-26.89,-0.16,-0.02,1.13,1000
17:41:12.337,0.24,6.77,-110.3,-21.4,8.54,-23.48,-0.1,-0.02,1.17,1000
17:41:12.351,-0.14,6.15,-110.53,-15.98,5.43,-20.24,-0.05,-0.01,1.18,1000
17:41:12.360,-0.38,5.38,-110.74,-10.91,2.8,-17.93,-0.04,-0.03,1.15,1000
17:41:12.369,-0.39,4.78,-110.92,-11.04,-4.88,-14.21,-0.07,-0.07,1.1,1000
17:41:12.379,-0.97,4.28,-111.07,1.52,-6.52,-14.63,-0.06,-0.05,1.06,1000
17:41:12.391,-1.17,3.51,-111.25,3.11,-8.17,-16.22,-0.03,-0.04,1.05,1000
17:41:12.402,-1.08,3.3,-111.42,4.94,-10.06,-15.43,-0.06,-0.05,1.07,1000
17:41:12.413,-1.27,3.15,-111.58,6.04,-9.09,-13.17,-0.05,-0.04,1.07,1000
17:41:12.424,-1.27,2.75,-111.71,2.93,-9.51,-10.67,-0.02,-0.03,1.07,1000
17:41:12.435,-1.16,1.9,-111.81,2.13,-8.48,-8.54,0.03,-0.01,1.07,1000
17:41:12.457,-0.98,0.85,-111.89,0.55,-8.29,-6.28,0.06,-0.01,1.04,1000
17:41:12.457,-0.87,-0.47,-111.95,-0.91,-8.84,-3.96,0.09,-0.02,1.01,1000
17:41:12.469,-0.98,-1.78,-111.98,-0.24,-7.5,-1.83,0.11,-0.04,0.98,1000
17:41:12.479,-1.33,-2.91,-111.98,2.32,-4.76,0.98,0.12,-0.05,0.96,1000
17:41:12.494,-1.76,-3.9,-111.95,5.12,2.26,3.6,0.12,-0.06,0.95,1000
17:41:12.501,-2.09,-4.13,-111.9,6.95,10.91,5.0,0.06,-0.08,0.96,1000
17:41:12.512,-2.31,-3.45,-111.83,6.16,18.6,5.91,-0.0,-0.05,1.01,1000
17:41:12.523,-2.13,-2.36,-111.78,4.21,24.02,4.88,-0.02,-0.03,1.02,1000
17:41:12.534,-1.71,-0.83,-111.73,1.95,14.39,3.48,-0.06,0.01,1.19,1000
17:41:12.546,-1.18,-0.09,-111.69,0.55,6.77,4.02,-0.03,-0.01,1.17,1000
17:41:12.563,-0.91,-0.01,-111.65,1.1,-2.38,3.96,-0.04,-0.04,1.14,1000
17:41:12.567,-0.85,-0.05,-111.61,5.79,-11.95,3.11,-0.01,-0.02,1.1,1000
17:41:12.580,-0.63,-0.45,-111.58,12.62,-14.88,2.2,0.03,0.0,1.06,1000
17:41:12.591,-0.34,-0.99,-111.56,16.22,-15.24,2.07,0.05,-0.0,1.0,1000
17:41:12.600,0.12,-1.26,-111.53,15.06,-10.3,3.41,0.0,0.01,1.02,1000
17:41:12.612,0.54,-1.32,-111.48,13.23,-2.74,5.43,0.0,0.02,0.99,1000
17:41:12.623,0.67,-1.39,-111.4,7.38,-0.61,7.87,0.04,-0.0,1.01,1000
17:41:12.633,0.34,-1.89,-111.29,2.01,0.12,11.71,0.08,-0.04,0.99,1000
17:41:12.644,-0.63,-2.47,-111.14,-2.68,0.85,14.15,0.08,-0.09,1.01,1000
17:41:12.661,-1.95,-3.11,-110.97,-0.67,4.57,16.04,0.08,-0.14,0.98,1000
17:41:12.665,-2.87,-3.5,-110.81,2.68,4.15,16.1,0.08,-0.11,0.97,1000
17:41:12.676,-3.56,-3.74,-110.63,11.04,7.38,14.51,0.07,-0.09,0.94,1000
17:41:12.688,-4.02,-3.62,-110.49,14.51,11.04,11.04,0.06,-0.09,0.94,1000
17:41:12.699,-3.82,-3.22,-110.39,15.73,18.48,6.83,0.02,-0.05,0.97,1000
17:41:12.710,-3.24,-1.85,-110.33,14.82,17.62,3.84,-0.11,-0.07,0.97,1000
17:41:12.722,-2.89,-0.2,-110.3,11.89,1.83,1.1,-0.04,-0.0,1.22,1000
17:41:12.732,-2.65,1.22,-110.31,11.04,-1.52,-1.52,-0.14,-0.08,1.18,1000
17:41:12.743,-2.29,2.42,-110.31,8.23,-6.89,0.3,-0.11,0.01,1.12,1000
17:41:12.765,-1.9,3.11,-110.29,8.72,-5.3,2.99,-0.11,-0.06,0.98,1000
17:41:12.766,-1.84,3.11,-110.26,8.54,-4.39,1.59,-0.04,-0.06,1.0,1000
17:41:12.777,-1.94,2.55,-110.24,7.5,4.27,1.34,0.02,-0.02,0.96,1000
17:41:12.787,-1.93,1.74,-110.25,2.01,5.3,-1.1,0.05,-0.03,0.97,1000
17:41:12.798,-1.75,0.63,-110.28,-0.18,5.91,-4.76,0.06,-0.02,0.96,1000
17:41:12.812,-1.72,-0.39,-110.36,0.3,5.37,-8.66,0.06,-0.03,0.96,1000
17:41:12.820,-1.7,-0.84,-110.47,-0.79,3.23,-11.65,0.02,-0.03,0.97,1000
17:41:12.831,-1.73,-1.17,-110.61,-3.35,0.91,-12.8,0.04,-0.04,0.97,1000
17:41:12.842,-2.13,-1.4,-110.74,-7.2,2.01,-10.91,0.03,-0.07,0.95,1000
17:41:12.860,-2.9,-1.89,-110.83,-10.06,3.66,-6.52,0.08,-0.09,0.95,1000
17:41:12.866,-3.67,-2.28,-110.88,-10.49,7.87,-2.38,0.06,-0.11,1.0,1000
17:41:12.874,-4.3,-2.47,-110.88,-10.67,10.24,1.52,0.06,-0.12,0.99,1000
17:41:12.886,-4.84,-2.4,-110.84,-8.72,8.66,3.9,0.03,-0.11,1.02,1000
17:41:12.897,-5.05,-1.98,-110.8,-3.35,7.26,3.17,-0.0,-0.09,1.04,1000
17:41:12.908,-4.97,-1.3,-110.78,-2.2,4.21,1.22,-0.06,-0.08,1.06,1000
17:41:12.919,-3.58,-0.09,-110.8,-11.89,-0.06,-4.76,-0.07,0.49,1.05,1000
17:41:12.930,-2.5,1.86,-110.96,-12.68,-3.35,-16.83,-0.29,0.06,1.05,1000
17:41:12.941,-1.9,3.66,-111.16,-36.95,-19.02,-20.79,-0.16,0.02,1.04,1000
17:41:12.952,-1.6,4.26,-111.4,-50.85,-20.91,-21.83,-0.05,0.02,1.09,1000
17:41:12.967,-2.35,4.01,-111.64,-52.01,-16.04,-20.3,-0.05,-0.1,1.09,1000
17:41:12.974,-3.66,3.58,-111.84,-33.78,-8.54,-16.46,-0.01,-0.18,1.07,1000
17:41:12.985,-5.51,2.65,-112.0,-18.72,-9.21,-13.9,0.01,-0.22,1.13,1000
17:41:12.997,-7.09,1.82,-112.16,-3.23,-13.29,-13.48,-0.0,-0.24,1.14,1000
17:41:13.007,-7.98,1.28,-112.31,13.78,-18.84,-15.0,-0.01,-0.22,1.13,1000
17:41:13.018,-7.92,1.07,-112.49,24.7,-23.05,-17.01,-0.03,-0.13,1.12,1000
17:41:13.029,-7.06,1.12,-112.69,31.71,-26.59,-18.41,-0.06,-0.08,1.09,1000
17:41:13.040,-5.92,1.34,-112.89,34.94,-28.66,-17.93,-0.05,-0.05,1.06,1000
17:41:13.051,-4.63,1.2,-113.07,32.13,-25.37,-14.82,-0.02,-0.02,0.99,1000
17:41:13.077,-4.02,0.86,-113.21,27.93,-16.34,-11.22,0.01,-0.07,0.95,1000
17:41:13.077,-3.91,0.07,-113.31,18.96,-4.02,-7.13,0.07,-0.09,0.94,1000
17:41:13.084,-4.14,-1.0,-113.36,12.62,7.32,-2.01,0.1,-0.11,0.99,1000
17:41:13.095,-4.1,-1.71,-113.36,6.52,12.87,2.07,0.06,-0.08,1.01,1000
17:41:13.107,-3.94,-1.7,-113.31,8.35,14.63,6.28,0.03,-0.05,1.05,1000
17:41:13.118,-3.42,-1.44,-113.23,10.37,10.06,8.35,0.0,-0.02,1.04,1000
17:41:13.128,-2.85,-1.27,-113.14,13.23,5.43,6.52,0.02,-0.02,1.04,1000
17:41:13.140,-2.35,-1.15,-113.09,12.62,1.28,3.78,0.02,-0.03,1.02,1000
17:41:13.150,-2.06,-1.21,-113.06,8.72,0.43,0.85,0.03,-0.02,0.99,1000
17:41:13.173,-1.86,-1.72,-113.06,3.48,3.29,-1.1,0.07,-0.03,0.98,1000
17:41:13.179,-2.06,-2.32,-113.08,-1.22,6.34,-1.59,0.08,-0.07,0.98,1000
17:41:13.183,-2.38,-2.29,-113.09,-2.74,6.77,-0.73,0.04,-0.07,1.03,1000
17:41:13.194,-2.74,-2.2,-113.09,-1.22,5.49,1.22,0.03,-0.07,1.08,1000
17:41:13.204,-2.83,-2.02,-113.07,-1.04,0.73,2.44,0.02,-0.06,1.09,1000
17:41:13.216,-2.98,-1.69,-113.04,-0.73,-2.74,2.56,0.0,-0.07,1.06,1000
17:41:13.227,-3.24,-1.41,-113.02,-2.44,-5.79,0.67,0.0,-0.08,1.03,1000
17:41:13.237,-3.61,-1.35,-113.03,-3.29,-4.21,-2.13,0.02,-0.1,1.02,1000
17:41:13.249,-4.17,-1.38,-113.07,-6.22,-0.43,-4.63,0.03,-0.11,1.0,1000
17:41:13.260,-4.82,-1.41,-113.13,-7.13,3.41,-5.73,0.03,-0.11,1.0,1000
17:41:13.271,-5.25,-1.52,-113.19,-5.91,6.52,-5.98,0.04,-0.11,1.01,1000
17:41:13.282,-5.5,-1.52,-113.26,-4.57,9.33,-5.49,0.02,-0.11,1.02,1000
17:41:13.294,-5.55,-1.44,-113.32,-2.5,12.62,-5.49,0.02,-0.1,1.05,1000
17:41:13.304,-5.3,-1.34,-113.37,-3.6,13.35,-4.39,0.03,-0.07,1.06,1000
17:41:13.315,-5.15,-1.0,-113.42,-7.32,13.6,-4.57,-0.01,-0.07,1.06,1000
17:41:13.332,-4.83,-0.21,-113.47,-7.38,11.89,-4.63,-0.05,-0.06,1.05,1000
17:41:13.337,-4.62,0.4,-113.52,-1.89,9.39,-5.12,-0.04,-0.07,1.05,1000
17:41:13.348,-4.49,0.82,-113.58,5.61,8.29,-5.91,-0.03,-0.08,1.07,1000
17:41:13.359,-4.59,0.94,-113.66,12.93,6.34,-7.26,-0.01,-0.1,1.06,1000
17:41:13.378,-4.86,0.83,-113.75,17.26,4.57,-10.3,0.01,-0.12,1.04,1000
17:41:13.382,-5.18,0.4,-113.87,18.05,3.66,-13.48,0.04,-0.13,1.02,1000
17:41:13.391,-5.16,-0.17,-114.05,18.11,2.87,-15.49,0.04,-0.08,1.01,1000
17:41:13.403,-4.58,-0.61,-114.22,17.68,2.32,-14.45,0.03,-0.04,1.01,1000
17:41:13.414,-3.54,-0.67,-114.36,18.17,2.99,-10.67,-0.0,0.0,1.02,1000
17:41:13.425,-2.35,-0.31,-114.44,16.77,3.96,-5.91,-0.02,0.02,1.03,1000
17:41:13.436,-1.7,-0.03,-114.48,14.63,5.43,-1.83,-0.02,-0.01,1.03,1000
17:41:13.447,-1.48,0.15,-114.49,13.11,7.99,0.67,-0.01,-0.03,1.03,1000
17:41:13.459,-1.54,0.29,-114.47,12.8,10.18,2.32,-0.01,-0.05,1.03,1000
17:41:13.470,-1.56,0.48,-114.44,12.13,12.38,3.05,-0.02,-0.04,1.02,1000
17:41:13.484,-1.56,0.75,-114.41,10.24,13.48,2.5,-0.02,-0.03,1.02,1000
17:41:13.493,-1.45,1.11,-114.38,6.83,13.23,2.2,-0.04,-0.02,1.02,1000
17:41:13.502,-1.32,1.48,-114.36,3.72,12.07,1.77,-0.04,-0.01,1.03,1000
17:41:13.512,-1.14,1.81,-114.34,1.22,9.94,2.07,-0.04,-0.01,1.03,1000
17:41:13.525,-1.01,2.08,-114.31,-0.12,8.35,2.07,-0.05,-0.01,1.03,1000
17:41:13.542,-0.92,2.34,-114.3,-1.1,5.49,1.28,-0.06,-0.01,1.04,1000
17:41:13.546,-0.83,2.54,-114.29,-1.65,2.5,-0.12,-0.05,-0.01,1.01,1000
17:41:13.558,-0.78,2.7,-114.3,-1.28,-0.37,-1.65,-0.06,-0.01,1.02,1000
17:41:13.584,-0.75,2.89,-114.32,-0.61,-3.05,-2.13,-0.07,-0.01,1.0,1000
17:41:13.589,-0.82,3.01,-114.35,0.98,-5.06,-3.05,-0.06,-0.03,1.02,1000
17:41:13.590,-0.93,2.9,-114.39,3.35,-6.16,-3.96,-0.04,-0.03,1.03,1000
17:41:13.603,-0.93,2.51,-114.44,6.16,-6.65,-5.3,-0.02,-0.02,1.05,1000
17:41:13.612,-0.85,2.1,-114.51,8.41,-6.16,-6.77,-0.01,-0.02,1.05,1000
17:41:13.623,-0.77,1.74,-114.6,10.12,-5.37,-8.9,-0.01,-0.02,1.04,1000
17:41:13.635,-0.7,1.45,-114.71,10.67,-3.96,-10.67,-0.01,-0.02,1.03,1000
17:41:13.645,-0.68,1.24,-114.84,10.91,-3.17,-12.32,-0.01,-0.02,1.03,1000
17:41:13.659,-0.7,1.01,-114.98,10.98,-3.11,-13.35,-0.0,-0.02,1.04,1000
17:41:13.667,-0.75,0.79,-115.13,10.18,-4.51,-13.84,-0.01,-0.03,1.05,1000
17:41:13.685,-0.84,0.74,-115.28,8.84,-7.2,-13.05,-0.02,-0.03,1.05,1000
17:41:13.689,-1.01,0.75,-115.41,7.68,-10.55,-11.16,-0.02,-0.04,1.04,1000
17:41:13.700,-1.17,0.79,-115.52,7.01,-11.4,-9.27,-0.03,-0.04,1.03,1000
17:41:13.711,-1.25,0.83,-115.61,6.28,-10.55,-7.99,-0.03,-0.03,1.03,1000
17:41:13.721,-1.3,0.89,-115.7,5.12,-7.99,-7.07,-0.02,-0.03,1.04,1000
17:41:13.733,-1.33,0.89,-115.77,3.9,-4.57,-6.34,-0.01,-0.03,1.03,1000
17:41:13.745,-1.27,0.8,-115.83,2.93,-1.59,-4.7,-0.01,-0.02,1.03,1000
17:41:13.755,-1.23,0.69,-115.87,2.62,1.28,-2.2,-0.01,-0.02,1.04,1000
17:41:13.766,-1.2,0.66,-115.88,1.16,3.54,-0.12,-0.01,-0.02,1.05,1000
17:41:13.788,-1.16,0.75,-115.87,-1.89,5.37,1.28,-0.02,-0.02,1.07,1000
17:41:13.788,-1.19,0.93,-115.85,-5.79,8.96,2.32,-0.03,-0.02,1.09,1000
17:41:13.801,-1.24,1.24,-115.83,-10.73,13.29,1.65,-0.04,-0.02,1.09,1000
17:41:13.810,-1.32,1.61,-115.82,-14.02,19.33,0.24,-0.04,-0.02,1.08,1000
17:41:13.821,-1.39,1.86,-115.83,-15.73,27.32,-1.95,-0.02,-0.02,1.07,1000
17:41:13.836,-1.49,1.93,-115.87,-15.67,35.67,-4.63,-0.01,-0.02,1.06,1000
17:41:13.843,-1.58,2.02,-115.94,-14.15,46.59,-8.05,-0.01,-0.02,1.06,1000
17:41:13.854,-1.69,2.06,-116.04,-12.32,57.32,-10.61,0.0,-0.03,1.07,1000
17:41:13.865,-1.68,2.3,-116.17,-7.56,69.45,-11.65,-0.02,-0.02,1.07,1000
17:41:13.884,-1.5,2.99,-116.29,1.83,78.23,-9.51,-0.06,-0.01,1.09,1000
17:41:13.891,-1.22,4.12,-116.37,14.57,83.35,-5.55,-0.1,-0.02,1.1,1000
17:41:13.897,-1.04,5.23,-116.41,28.6,86.77,-2.56,-0.12,-0.03,1.09,1000
17:41:13.910,-0.97,6.44,-116.42,44.39,90.37,-0.91,-0.14,-0.05,1.07,1000
17:41:13.920,-0.93,7.83,-116.44,58.72,94.27,-1.65,-0.16,-0.06,1.06,1000
17:41:13.931,-0.66,8.9,-116.47,68.6,99.15,-4.09,-0.16,-0.04,1.06,1000
17:41:13.943,-0.03,9.72,-116.53,74.33,103.41,-6.95,-0.16,-0.01,1.05,1000
17:41:13.953,0.75,10.63,-116.63,71.89,102.99,-11.04,-0.18,0.01,1.08,1000
17:41:13.963,1.49,11.45,-116.78,60.91,98.6,-14.94,-0.19,0.03,1.07,1000
17:41:13.975,2.21,12.12,-116.95,49.02,96.89,-15.61,-0.19,0.05,1.0,1000
17:41:13.986,2.67,12.76,-117.12,41.65,100.85,-14.7,-0.19,0.04,0.97,1000
17:41:13.997,3.0,13.57,-117.27,35.98,107.74,-13.72,-0.21,0.05,0.97,1000
17:41:14.008,3.39,14.63,-117.42,27.44,112.8,-11.77,-0.25,0.07,0.98,1000
17:41:14.019,3.48,15.84,-117.52,19.39,119.51,-8.41,-0.28,0.05,0.99,1000
17:41:14.030,3.68,17.09,-117.59,13.41,128.11,-4.63,-0.29,0.07,0.97,1000
17:41:14.041,4.02,18.33,-117.63,8.17,134.33,-2.44,-0.29,0.09,0.93,1000
17:41:14.052,4.54,19.58,-117.66,3.17,137.74,-3.29,-0.3,0.11,0.86,1000
17:41:14.063,5.03,20.94,-117.72,-1.59,137.99,-7.38,-0.32,0.1,0.82,1000
17:41:14.074,5.31,22.62,-117.83,-4.27,137.26,-12.8,-0.37,0.11,0.82,1000
17:41:14.096,5.56,24.55,-118.0,-5.24,135.55,-17.56,-0.42,0.1,0.83,1000
17:41:14.096,5.36,26.63,-118.21,-2.07,134.21,-19.63,-0.47,0.07,0.83,1000
17:41:14.108,4.89,28.71,-118.42,3.9,132.62,-18.41,-0.5,0.03,0.83,1000
17:41:14.118,4.38,30.44,-118.61,11.22,130.98,-15.79,-0.54,0.05,0.87,1000
17:41:14.129,4.44,31.91,-118.76,15.61,129.51,-12.2,-0.52,0.08,0.87,1000
17:41:14.143,4.69,32.83,-118.87,17.99,129.63,-6.95,-0.52,0.09,0.88,1000
17:41:14.152,4.74,33.8,-118.92,18.11,127.26,-3.35,-0.55,0.06,0.86,1000
17:41:14.162,4.45,34.87,-118.95,17.93,121.4,-2.87,-0.56,0.04,0.83,1000
17:41:14.173,3.94,36.01,-119.0,17.5,113.11,-6.04,-0.58,0.03,0.81,1000
17:41:14.197,3.7,37.11,-119.09,16.52,103.54,-10.43,-0.59,0.04,0.79,1000
17:41:14.202,3.62,38.12,-119.24,16.22,95.85,-15.67,-0.63,0.06,0.8,1000
17:41:14.205,3.89,39.02,-119.41,16.04,92.5,-18.6,-0.64,0.09,0.79,1000
17:41:14.217,4.3,40.3,-119.65,17.01,91.22,-19.7,-0.67,0.09,0.74,1000
17:41:14.228,4.66,41.8,-119.86,17.26,91.4,-20.06,-0.7,0.11,0.72,1000
17:41:14.239,5.34,43.29,-120.08,15.12,90.0,-20.3,-0.7,0.12,0.69,1000
17:41:14.250,5.67,44.52,-120.33,11.34,84.33,-24.57,-0.7,0.1,0.67,1000
17:41:14.262,5.98,45.73,-120.64,6.28,77.2,-30.85,-0.68,0.12,0.65,1000
17:41:14.272,6.09,46.53,-121.0,1.65,67.26,-35.61,-0.71,0.11,0.65,1000
17:41:14.283,6.23,47.28,-121.41,-1.71,56.95,-37.38,-0.74,0.11,0.66,1000
17:41:14.295,6.15,47.82,-121.82,-5.67,47.07,-36.4,-0.78,0.11,0.69,1000
17:41:14.306,6.01,48.55,-122.2,-9.51,38.6,-32.8,-0.84,0.11,0.7,1000
17:41:14.316,5.78,49.45,-122.53,-13.05,29.94,-27.5,-0.87,0.1,0.69,1000
17:41:14.326,5.55,50.13,-122.79,-16.22,17.01,-20.98,-0.86,0.11,0.69,1000
17:41:14.338,5.56,50.42,-123.0,-20.37,-0.61,-16.65,-0.85,0.12,0.68,1000
17:41:14.349,5.5,50.31,-123.16,-25.06,-24.88,-13.9,-0.81,0.11,0.67,1000
17:41:14.364,5.02,49.97,-123.31,-30.0,-50.98,-12.56,-0.79,0.07,0.65,1000
17:41:14.371,4.24,49.33,-123.44,-33.17,-77.5,-11.83,-0.77,0.04,0.65,1000
17:41:14.382,3.05,48.31,-123.57,-34.76,-99.82,-12.62,-0.75,-0.01,0.69,1000
17:41:14.401,1.53,46.82,-123.73,-33.29,-117.07,-15.61,-0.73,-0.05,0.71,1000
17:41:14.407,-0.11,45.0,-123.93,-30.0,-133.6,-21.65,-0.7,-0.09,0.74,1000
17:41:14.415,-1.4,43.09,-124.22,-24.39,-148.48,-30.12,-0.7,-0.1,0.78,1000
17:41:14.426,-2.52,41.13,-124.62,-16.83,-164.7,-40.67,-0.7,-0.1,0.81,1000
17:41:14.437,-3.07,39.01,-125.13,-9.09,-181.77,-51.16,-0.7,-0.05,0.87,1000
17:41:14.448,-2.85,37.13,-125.74,-5.43,-198.78,-57.99,-0.68,-0.02,0.88,1000
17:41:14.459,-2.62,35.29,-126.4,-4.21,-215.43,-60.73,-0.65,-0.03,0.84,1000
17:41:14.471,-2.57,33.8,-127.08,-4.09,-232.8,-62.5,-0.63,-0.03,0.8,1000
17:41:14.481,-2.5,32.13,-127.79,-9.33,-246.34,-66.65,-0.58,-0.02,0.77,1000
17:41:14.495,-2.81,30.53,-128.54,-16.77,-254.21,-70.43,-0.53,-0.08,0.78,1000
17:41:14.510,-3.74,28.51,-129.34,-23.6,-259.94,-72.62,-0.49,-0.09,0.8,1000
17:41:14.514,-4.32,26.04,-130.13,-29.88,-262.68,-72.01,-0.43,-0.07,0.87,1000
17:41:14.525,-4.55,23.4,-130.9,-33.6,-261.04,-68.48,-0.37,-0.06,0.86,1000
17:41:14.539,-4.98,20.44,-131.63,-35.55,-252.93,-63.84,-0.33,-0.11,0.93,1000
17:41:14.547,-5.52,17.68,-132.29,-34.09,-241.22,-56.16,-0.3,-0.1,0.94,1000
17:41:14.558,-5.88,14.93,-132.85,-29.76,-223.54,-46.46,-0.23,-0.1,0.94,1000
17:41:14.569,-6.25,12.68,-133.29,-24.39,-201.04,-34.94,-0.23,-0.11,0.93,1000
17:41:14.580,-6.73,11.04,-133.6,-19.7,-178.35,-23.35,-0.2,-0.13,0.94,1000
17:41:14.593,-7.25,9.31,-133.78,-12.87,-153.11,-10.37,-0.1,-0.12,0.92,1000
17:41:14.602,-7.75,7.04,-133.82,-7.2,-126.34,0.12,-0.07,-0.16,1.06,1000
17:41:14.615,-8.18,5.6,-133.78,-4.02,-101.65,7.56,-0.11,-0.17,1.0,1000
17:41:14.625,-8.4,4.96,-133.66,-4.7,-80.67,12.32,-0.13,-0.14,0.98,1000
17:41:14.635,-8.32,5.11,-133.5,-9.15,-64.27,15.91,-0.14,-0.12,0.94,1000
17:41:14.646,-8.09,5.16,-133.31,-13.78,-50.12,18.05,-0.09,-0.11,0.95,1000
17:41:14.657,-7.76,4.48,-133.11,-14.82,-38.11,18.48,-0.04,-0.09,0.96,1000
17:41:14.669,-7.4,3.28,-132.91,-11.89,-27.07,17.8,0.01,-0.09,0.98,1000
17:41:14.679,-7.08,1.89,-132.72,-8.35,-17.01,16.28,0.06,-0.08,0.96,1000
17:41:14.689,-6.64,0.41,-132.55,-6.65,-8.6,15.18,0.09,-0.08,0.99,1000
17:41:14.708,-6.18,-0.96,-132.38,-5.24,0.49,15.98,0.1,-0.07,1.0,1000
17:41:14.711,-5.89,-1.94,-132.21,-3.9,8.29,17.74,0.1,-0.08,1.02,1000
17:41:14.722,-5.66,-2.62,-131.98,-0.43,16.71,19.94,0.1,-0.08,1.03,1000
17:41:14.735,-5.4,-3.25,-131.75,5.49,23.9,22.26,0.11,-0.08,1.06,1000
17:41:14.745,-5.02,-3.62,-131.5,11.1,28.35,23.96,0.1,-0.07,1.05,1000
17:41:14.756,-4.63,-3.72,-131.23,14.33,32.13,24.94,0.1,-0.07,1.04,1000
17:41:14.766,-4.37,-3.69,-130.95,13.96,36.22,25.43,0.08,-0.07,1.02,1000
17:41:14.778,-4.4,-3.64,-130.67,8.05,39.82,25.43,0.08,-0.1,0.99,1000
17:41:14.789,-4.79,-3.41,-130.39,-1.71,41.65,25.12,0.07,-0.11,1.0,1000
17:41:14.811,-5.23,-2.87,-130.12,-15.61,44.09,23.84,0.03,-0.11,1.04,1000
17:41:14.812,-5.79,-1.89,-129.87,-29.51,46.65,22.32,-0.02,-0.13,1.06,1000
17:41:14.821,-6.43,-0.81,-129.63,-40.43,48.35,20.61,-0.04,-0.14,1.08,1000
17:41:14.833,-7.11,0.42,-129.41,-48.84,49.63,19.82,-0.06,-0.14,1.1,1000
17:41:14.844,-7.66,1.49,-129.19,-53.35,49.94,19.21,-0.06,-0.14,1.09,1000
17:41:14.855,-8.38,2.46,-128.98,-54.63,47.93,19.15,-0.09,-0.18,1.09,1000
17:41:14.866,-9.33,3.47,-128.76,-51.46,41.83,21.34,-0.11,-0.21,1.11,1000
17:41:14.877,-10.15,4.38,-128.51,-43.84,33.11,24.88,-0.13,-0.22,1.14,1000
17:41:14.887,-10.82,5.28,-128.21,-32.8,22.5,28.78,-0.16,-0.24,1.14,1000
17:41:14.908,-11.47,6.13,-127.88,-22.8,12.13,29.82,-0.17,-0.25,1.12,1000
17:41:14.914,-12.1,6.5,-127.56,-12.32,1.34,28.17,-0.11,-0.24,1.08,1000
17:41:14.920,-12.26,6.67,-127.3,-2.07,-4.63,24.33,-0.14,-0.25,1.06,1000
17:41:14.932,-12.44,6.35,-127.05,11.4,-8.84,17.26,-0.11,-0.25,1.09,1000
17:41:14.943,-12.38,5.93,-126.91,23.96,-12.26,9.63,-0.1,-0.24,1.06,1000
17:41:14.955,-12.09,5.58,-126.84,36.4,-12.8,2.5,-0.09,-0.24,1.08,1000
17:41:14.966,-11.82,5.22,-126.86,49.94,-12.99,-4.7,-0.08,-0.24,1.1,1000
17:41:14.976,-11.44,4.91,-126.95,65.12,-14.88,-10.43,-0.09,-0.24,1.1,1000
17:41:14.987,-10.94,4.88,-127.09,82.68,-19.27,-14.94,-0.11,-0.24,1.1,1000
17:41:14.997,-10.37,4.9,-127.28,100.98,-23.72,-18.29,-0.12,-0.24,1.14,1000
17:41:15.017,-9.56,4.86,-127.5,117.74,-26.77,-21.22,-0.12,-0.22,1.15,1000
17:41:15.020,-8.82,4.88,-127.73,133.35,-30.06,-24.51,-0.13,-0.22,1.14,1000
17:41:15.031,-7.83,4.87,-128.04,152.32,-37.07,-27.38,-0.13,-0.21,1.14,1000
17:41:15.041,-6.8,4.76,-128.36,170.43,-46.71,-28.6,-0.11,-0.18,1.12,1000
17:41:15.053,-5.4,4.44,-128.68,187.99,-56.89,-29.7,-0.09,-0.13,1.05,1000
17:41:15.069,-3.95,4.01,-129.0,203.84,-65.49,-29.39,-0.1,-0.13,1.06,1000
17:41:15.075,-2.44,3.56,-129.32,219.57,-71.95,-28.29,-0.07,-0.1,1.08,1000
17:41:15.086,-0.94,3.0,-129.63,232.38,-75.18,-27.07,-0.07,-0.07,1.07,1000
17:41:15.098,0.87,2.5,-129.91,243.35,-76.16,-24.94,-0.03,0.03,1.09,1000
17:41:15.113,2.51,1.83,-130.17,248.84,-77.44,-23.05,-0.03,-0.03,1.05,1000
17:41:15.118,4.36,0.68,-130.42,251.83,-74.51,-23.17,0.01,0.0,0.98,1000
17:41:15.131,6.04,-0.88,-130.69,256.22,-68.29,-24.27,0.1,0.03,1.0,1000
17:41:15.140,7.71,-2.75,-130.96,258.84,-59.76,-25.06,0.14,0.09,1.01,1000
17:41:15.153,10.31,-4.33,-131.25,256.46,-52.56,-26.46,0.13,0.21,0.98,1000
17:41:15.162,13.75,-5.51,-131.55,250.06,-46.71,-28.78,0.14,0.3,0.91,1000
17:41:15.174,17.68,-6.69,-131.88,239.94,-39.94,-30.18,0.14,0.37,0.86,1000
17:41:15.188,21.61,-7.4,-132.21,226.83,-33.11,-30.79,0.12,0.44,0.81,1000
17:41:15.196,25.76,-7.41,-132.56,210.3,-28.48,-31.46,0.08,0.52,0.78,1000
17:41:15.222,30.14,-7.06,-132.91,189.45,-23.96,-32.74,0.07,0.62,0.7,1000
17:41:15.226,35.21,-6.42,-133.28,166.59,-19.21,-34.09,0.05,0.7,0.66,1000
17:41:15.230,39.03,-5.9,-133.62,144.33,-14.57,-32.74,0.05,0.74,0.64,1000
17:41:15.240,42.96,-5.32,-133.97,117.56,-8.29,-26.95,0.05,0.76,0.63,1000
17:41:15.251,45.66,-4.76,-134.23,97.13,-3.96,-19.51,0.04,0.77,0.63,1000
17:41:15.262,48.11,-4.23,-134.39,77.32,-0.12,-11.77,0.05,0.81,0.6,1000
17:41:15.274,49.91,-3.95,-134.49,59.51,4.02,-5.91,0.07,0.81,0.62,1000
17:41:15.284,51.02,-3.8,-134.51,43.17,9.21,0.24,0.07,0.81,0.62,1000
17:41:15.295,51.37,-3.44,-134.48,28.17,13.35,5.67,0.04,0.77,0.65,1000
17:41:15.305,51.23,-2.94,-134.39,17.01,16.65,9.82,0.03,0.75,0.65,1000
17:41:15.329,50.71,-2.24,-134.26,10.12,21.46,12.13,0.01,0.73,0.67,1000
17:41:15.329,50.36,-1.58,-134.13,7.68,26.83,11.95,0.01,0.73,0.63,1000
17:41:15.339,50.44,-1.0,-134.01,7.74,33.35,9.02,0.0,0.77,0.62,1000
17:41:15.350,51.13,-0.25,-133.94,5.85,38.9,4.7,-0.01,0.8,0.58,1000
17:41:15.360,52.17,0.37,-133.91,0.43,43.29,1.22,0.0,0.83,0.56,1000
17:41:15.371,53.22,0.55,-133.91,-9.39,44.94,0.49,0.02,0.86,0.55,1000
17:41:15.383,54.22,0.75,-133.89,-24.09,42.32,2.56,0.01,0.88,0.54,1000
17:41:15.395,54.95,0.71,-133.84,-42.93,37.38,5.37,0.03,0.88,0.54,1000
17:41:15.405,55.18,0.41,-133.77,-64.63,32.38,7.32,0.06,0.86,0.54,1000
17:41:15.426,54.95,-0.07,-133.68,-90.49,28.72,8.05,0.1,0.85,0.51,1000
17:41:15.432,54.5,-0.37,-133.6,-119.45,27.74,7.13,0.02,0.85,0.55,1000
17:41:15.439,53.81,-0.41,-133.54,-146.71,28.96,4.82,0.04,0.84,0.54,1000
17:41:15.449,52.89,-0.34,-133.5,-174.02,31.16,2.01,0.03,0.81,0.55,1000
17:41:15.460,51.61,-0.15,-133.49,-197.07,33.66,0.24,0.01,0.74,0.56,1000
17:41:15.470,49.21,0.06,-133.49,-217.5,36.16,0.24,0.02,0.65,0.61,1000
17:41:15.481,45.74,0.53,-133.48,-234.94,38.9,1.34,-0.02,0.57,0.68,1000
17:41:15.492,41.69,1.12,-133.46,-249.15,40.67,2.26,-0.04,0.51,0.73,1000
17:41:15.504,37.57,1.87,-133.43,-260.67,41.04,2.62,-0.06,0.48,0.77,1000
17:41:15.515,33.49,2.63,-133.41,-270.55,40.43,1.71,-0.06,0.46,0.81,1000
17:41:15.527,30.08,3.48,-133.4,-278.84,38.54,-0.12,-0.08,0.43,0.8,1000
17:41:15.537,26.73,3.98,-133.41,-281.89,37.5,-0.37,-0.05,0.36,0.76,1000
17:41:15.548,23.08,4.18,-133.4,-278.23,37.74,0.91,-0.04,0.28,0.75,1000
17:41:15.559,19.08,4.1,-133.38,-268.35,37.62,3.05,-0.01,0.19,0.79,1000
17:41:15.571,14.23,3.57,-133.33,-252.87,36.4,6.34,0.0,0.09,0.84,1000
17:41:15.581,9.47,3.38,-133.23,-230.85,31.59,11.34,-0.02,0.01,0.94,1000
17:41:15.593,4.82,3.06,-133.07,-207.99,22.99,16.28,-0.02,-0.05,1.0,1000
17:41:15.603,0.96,2.89,-132.87,-185.61,15.3,19.63,-0.04,-0.1,1.01,1000
17:41:15.615,-2.5,3.21,-132.65,-167.44,13.23,20.49,-0.09,-0.15,1.0,1000
17:41:15.631,-5.56,4.08,-132.42,-153.17,15.37,19.63,-0.14,-0.18,1.02,1000
17:41:15.635,-8.0,5.31,-132.24,-141.28,18.05,17.44,-0.19,-0.21,1.03,1000
17:41:15.647,-10.68,6.42,-132.06,-125.91,16.71,12.44,-0.17,-0.28,1.11,1000
17:41:15.658,-13.05,6.9,-131.96,-106.59,11.28,6.22,-0.16,-0.35,1.18,1000
17:41:15.670,-15.04,7.05,-131.93,-83.9,2.13,0.79,-0.16,-0.39,1.22,1000
17:41:15.680,-16.46,6.98,-131.94,-58.96,-6.77,-2.74,-0.15,-0.4,1.22,1000
17:41:15.692,-17.52,6.93,-131.99,-34.27,-15.67,-4.27,-0.17,-0.41,1.2,1000
17:41:15.702,-18.16,7.05,-132.03,-13.29,-22.26,-3.29,-0.19,-0.4,1.17,1000
17:41:15.713,-18.24,7.19,-132.07,5.06,-28.23,-3.6,-0.18,-0.35,1.15,1000
17:41:15.729,-17.74,7.1,-132.12,18.17,-32.13,-6.95,-0.16,-0.3,1.1,1000
17:41:15.739,-16.86,6.88,-132.24,27.13,-36.04,-13.54,-0.14,-0.25,1.07,1000
17:41:15.747,-15.85,6.44,-132.44,32.93,-40.49,-21.65,-0.11,-0.22,1.05,1000
17:41:15.757,-14.46,5.79,-132.72,35.49,-44.76,-29.15,-0.09,-0.18,1.06,1000
17:41:15.768,-12.73,5.1,-133.09,35.73,-49.15,-36.1,-0.08,-0.14,1.05,1000
17:41:15.779,-11.04,4.24,-133.52,33.96,-51.46,-40.55,-0.05,-0.11,1.06,1000
17:41:15.790,-9.49,3.27,-133.98,31.83,-51.22,-42.26,-0.03,-0.09,1.08,1000
17:41:15.801,-8.18,2.31,-134.44,29.63,-48.78,-40.98,-0.01,-0.08,1.09,1000
17:41:15.814,-6.97,1.32,-134.88,28.11,-45.61,-38.84,0.01,-0.08,1.1,1000
17:41:15.823,-6.2,0.35,-135.28,27.87,-41.28,-35.91,0.03,-0.09,1.11,1000
17:41:15.837,-5.51,-0.5,-135.66,28.35,-36.1,-33.41,0.04,-0.08,1.1,1000
17:41:15.848,-4.95,-1.09,-136.02,28.11,-29.39,-31.59,0.03,-0.07,1.08,1000
17:41:15.856,-4.21,-1.29,-136.35,27.44,-20.37,-29.51,0.01,-0.04,1.07,1000
17:41:15.867,-3.38,-1.31,-136.66,25.43,-10.61,-27.2,0.02,-0.03,1.06,1000
17:41:15.878,-2.81,-1.54,-136.94,23.96,1.83,-24.15,0.05,-0.04,1.08,1000
17:41:15.889,-2.44,-1.96,-137.19,23.17,15.79,-20.3,0.08,-0.04,1.09,1000
17:41:15.900,-2.23,-2.27,-137.37,23.35,32.38,-14.39,0.08,-0.05,1.1,1000
17:41:15.911,-2.22,-2.33,-137.48,24.76,49.94,-6.52,0.08,-0.07,1.1,1000
17:41:15.922,-2.23,-2.05,-137.49,25.91,67.32,2.38,0.07,-0.07,1.09,1000
17:41:15.939,-2.18,-1.26,-137.39,26.89,90.06,14.15,0.02,-0.05,1.07,1000
17:41:15.944,-2.01,-0.11,-137.17,27.44,109.63,23.29,-0.0,-0.05,1.04,1000
17:41:15.959,-1.92,1.14,-136.86,28.41,130.55,31.4,-0.01,-0.05,1.0,1000
17:41:15.968,-1.75,2.44,-136.48,29.63,148.96,37.74,-0.02,-0.04,1.0,1000
17:41:15.977,-1.58,3.7,-136.02,32.13,165.91,44.57,-0.03,-0.04,1.04,1000
17:41:15.988,-1.38,4.93,-135.49,35.43,178.96,52.26,-0.05,-0.03,1.08,1000
17:41:15.999,-0.92,6.43,-134.87,37.44,187.87,59.21,-0.1,-0.01,1.06,1000
17:41:16.012,-0.24,8.42,-134.18,38.11,195.18,65.37,-0.16,0.02,0.98,1000
17:41:16.027,0.71,10.97,-133.43,37.56,200.98,68.72,-0.22,0.06,0.9,1000
17:41:16.049,1.82,13.74,-132.67,36.4,204.33,69.27,-0.25,0.08,0.84,1000
17:41:16.049,2.76,16.53,-131.92,35.67,205.85,67.44,-0.26,0.06,0.82,1000
17:41:16.054,3.19,18.75,-131.2,36.28,205.18,63.54,-0.29,0.04,0.87,1000
17:41:16.065,3.14,21.0,-130.54,32.26,197.93,57.07,-0.37,0.01,0.95,1000
17:41:16.076,2.68,23.02,-129.95,22.2,186.65,51.04,-0.4,0.01,0.97,1000
17:41:16.088,2.75,25.02,-129.4,10.37,178.05,49.45,-0.44,0.07,0.91,1000
17:41:16.100,3.29,27.49,-128.86,-1.04,173.41,48.54,-0.51,0.09,0.86,1000
17:41:16.108,3.39,30.15,-128.35,-12.44,167.99,43.54,-0.56,0.04,0.85,1000
17:41:16.119,2.73,32.3,-127.93,-22.8,160.37,34.7,-0.54,0.02,0.85,1000
17:41:16.163,2.12,33.96,-127.59,-28.54,151.89,27.56,-0.56,0.03,0.84,1000
17:41:16.164,1.89,35.49,-127.3,-30.0,140.91,25.85,-0.59,0.05,0.84,1000
17:41:16.164,1.95,36.81,-127.01,-28.78,130.43,27.5,-0.62,0.07,0.84,1000
17:41:16.164,2.17,37.92,-126.72,-27.32,120.61,30.61,-0.65,0.08,0.84,1000
17:41:16.178,2.81,39.19,-126.32,-23.72,112.26,35.85,-0.67,0.13,0.81,1000
17:41:16.197,3.72,40.47,-125.91,-20.06,107.38,38.11,-0.7,0.15,0.79,1000
17:41:16.197,4.31,41.97,-125.5,-18.96,100.49,35.0,-0.73,0.12,0.74,1000
17:41:16.208,4.49,43.44,-125.16,-19.39,90.61,27.32,-0.73,0.1,0.73,1000
17:41:16.219,4.85,44.7,-124.91,-19.45,75.24,19.63,-0.71,0.12,0.69,1000
17:41:16.241,5.29,45.05,-124.73,-18.48,57.5,14.21,-0.68,0.13,0.72,1000
17:41:16.245,5.8,45.09,-124.6,-16.71,41.16,10.91,-0.66,0.13,0.69,1000
17:41:16.252,5.92,45.2,-124.5,-15.18,26.77,6.95,-0.69,0.11,0.68,1000
17:41:16.263,5.84,45.56,-124.46,-15.55,14.63,0.67,-0.71,0.09,0.66,1000
17:41:16.274,5.59,46.07,-124.5,-15.85,4.33,-8.6,-0.76,0.09,0.67,1000
17:41:16.286,5.24,46.71,-124.66,-15.18,-6.71,-18.72,-0.79,0.07,0.68,1000
17:41:16.297,4.8,47.14,-124.92,-13.17,-19.82,-27.68,-0.79,0.06,0.68,1000
17:41:16.310,4.34,47.26,-125.27,-10.85,-37.93,-35.24,-0.77,0.05,0.68,1000
17:41:16.318,4.01,46.92,-125.7,-8.48,-57.68,-40.79,-0.76,0.05,0.69,1000
17:41:16.329,3.71,46.26,-126.18,-6.28,-79.57,-46.77,-0.73,0.04,0.69,1000
17:41:16.352,3.48,45.58,-126.74,-5.37,-100.85,-53.29,-0.74,0.04,0.68,1000
17:41:16.352,3.31,44.93,-127.38,-6.71,-123.78,-62.44,-0.74,0.05,0.67,1000
17:41:16.361,3.25,43.94,-128.13,-9.15,-146.28,-73.54,-0.7,0.06,0.69,1000
17:41:16.372,3.48,42.47,-129.01,-9.09,-166.65,-84.15,-0.67,0.09,0.71,1000
17:41:16.384,3.82,40.46,-129.99,-8.48,-189.21,-92.68,-0.64,0.09,0.77,1000
17:41:16.395,3.92,37.92,-131.05,-4.15,-211.46,-98.11,-0.59,0.05,0.81,1000
17:41:16.406,3.68,35.38,-132.13,1.4,-237.07,-98.11,-0.6,0.03,0.84,1000
17:41:16.416,3.3,33.12,-133.2,8.96,-260.73,-96.34,-0.6,0.02,0.82,1000
17:41:16.428,2.94,31.12,-134.26,12.74,-280.18,-95.91,-0.59,0.01,0.82,1000
17:41:16.440,2.41,29.32,-135.32,13.17,-295.98,-96.46,-0.56,-0.02,0.81,1000
17:41:16.450,1.45,27.17,-136.38,10.55,-305.61,-97.26,-0.51,-0.06,0.84,1000
17:41:16.462,0.4,24.73,-137.45,5.67,-312.07,-97.01,-0.47,-0.08,0.87,1000
17:41:16.472,-0.59,22.23,-138.5,0.49,-315.18,-94.02,-0.42,-0.07,0.88,1000
17:41:16.484,-1.13,19.69,-139.51,-3.48,-313.84,-88.84,-0.36,-0.04,0.89,1000
17:41:16.494,-1.79,16.57,-140.44,-6.52,-306.71,-81.1,-0.25,-0.08,0.88,1000
17:41:16.505,-2.89,12.41,-141.28,-7.68,-292.8,-72.38,-0.11,-0.1,0.92,1000
17:41:16.515,-3.68,7.51,-142.0,-7.74,-270.67,-60.67,0.03,-0.1,0.95,1000
17:41:16.526,-4.2,2.25,-142.59,-8.84,-244.27,-46.83,0.12,-0.09,1.0,1000
17:41:16.539,-4.4,-2.4,-143.0,-11.46,-213.6,-30.67,0.17,-0.07,1.0,1000
17:41:16.559,-4.41,-6.15,-143.24,-17.2,-181.59,-13.9,0.22,-0.06,1.0,1000
17:41:16.560,-4.41,-9.17,-143.3,-22.87,-149.63,0.67,0.25,-0.04,1.0,1000
17:41:16.573,-4.47,-11.2,-143.22,-29.45,-118.35,12.99,0.28,-0.05,1.01,1000
17:41:16.583,-4.66,-13.05,-143.0,-36.52,-83.54,22.99,0.31,-0.06,1.01,1000
17:41:16.592,-4.75,-15.01,-142.68,-40.91,-47.2,30.0,0.35,-0.06,1.02,1000
17:41:16.604,-4.75,-16.47,-142.32,-40.91,-14.33,34.82,0.36,-0.05,1.01,1000
17:41:16.617,-4.77,-17.27,-141.91,-40.24,14.39,38.78,0.36,-0.06,1.0,1000
17:41:16.626,-4.76,-17.51,-141.46,-39.02,42.74,43.05,0.34,-0.05,0.98,1000
17:41:16.638,-4.86,-17.35,-140.96,-37.87,67.32,46.71,0.33,-0.08,0.98,1000
17:41:16.654,-5.32,-16.69,-140.43,-37.07,89.21,48.9,0.3,-0.11,1.0,1000
17:41:16.659,-5.99,-15.49,-139.89,-37.26,104.45,49.45,0.26,-0.14,1.04,1000
17:41:16.670,-6.77,-13.9,-139.35,-36.22,114.09,49.33,0.21,-0.16,1.05,1000
17:41:16.683,-7.72,-11.88,-138.81,-32.93,120.18,47.87,0.17,-0.18,1.04,1000
17:41:16.691,-8.61,-9.75,-138.3,-29.33,123.29,45.98,0.12,-0.19,1.06,1000
17:41:16.702,-9.31,-7.46,-137.81,-23.78,123.9,42.93,0.06,-0.2,1.07,1000
17:41:16.714,-9.88,-5.13,-137.36,-19.27,120.61,39.21,0.03,-0.21,1.09,1000
17:41:16.725,-10.53,-2.98,-136.95,-12.38,113.6,34.27,-0.0,-0.24,1.11,1000
17:41:16.740,-11.11,-1.03,-136.61,-3.72,103.35,28.54,-0.04,-0.25,1.13,1000
17:41:16.756,-11.5,0.71,-136.33,3.9,91.95,22.68,-0.06,-0.25,1.11,1000
17:41:16.758,-11.63,2.26,-136.12,11.95,79.57,16.52,-0.09,-0.23,1.1,1000
17:41:16.769,-11.5,3.55,-135.97,17.8,66.83,10.91,-0.11,-0.22,1.07,1000
17:41:16.782,-11.36,4.61,-135.89,23.35,52.56,5.3,-0.11,-0.22,1.05,1000
17:41:16.790,-11.17,5.32,-135.87,28.29,37.93,-0.06,-0.11,-0.21,1.05,1000
17:41:16.802,-10.81,5.69,-135.89,32.56,24.7,-3.72,-0.1,-0.19,1.07,1000
17:41:16.812,-10.3,5.74,-135.95,37.99,11.89,-6.52,-0.1,-0.19,1.09,1000
17:41:16.825,-9.75,5.62,-136.03,45.24,1.59,-7.44,-0.09,-0.19,1.12,1000
17:41:16.835,-9.37,5.34,-136.11,56.52,-7.93,-6.89,-0.09,-0.21,1.12,1000
17:41:16.858,-9.05,5.03,-136.19,71.4,-15.73,-7.07,-0.09,-0.21,1.14,1000
17:41:16.860,-8.59,4.79,-136.27,87.26,-19.88,-7.32,-0.1,-0.2,1.13,1000
17:41:16.868,-8.03,4.6,-136.35,104.57,-20.0,-7.74,-0.09,-0.21,1.15,1000
17:41:16.880,-7.71,4.36,-136.44,122.44,-16.89,-7.68,-0.09,-0.23,1.14,1000
17:41:16.891,-7.37,4.19,-136.52,141.83,-15.12,-6.65,-0.1,-0.22,1.14,1000
17:41:16.901,-6.65,4.23,-136.58,160.0,-16.71,-4.27,-0.11,-0.2,1.13,1000
17:41:16.912,-5.64,4.46,-136.6,179.39,-21.77,-1.52,-0.12,-0.17,1.14,1000
17:41:16.922,-4.34,4.48,-136.61,195.98,-27.38,-0.18,-0.12,-0.16,1.12,1000
17:41:16.935,-3.25,4.42,-136.61,214.63,-33.6,0.12,-0.1,-0.14,1.1,1000
17:41:16.945,-1.96,4.17,-136.6,230.67,-36.34,0.67,-0.09,-0.1,1.09,1000
17:41:16.959,-0.41,3.93,-136.59,245.98,-38.41,1.46,-0.05,0.0,1.12,1000
17:41:16.967,1.28,3.61,-136.57,255.37,-42.07,2.38,-0.08,-0.03,1.1,1000
17:41:16.978,3.85,3.09,-136.54,262.87,-41.95,2.07,-0.06,0.02,1.04,1000
17:41:16.990,6.43,2.53,-136.53,269.88,-45.37,0.24,-0.03,0.09,0.98,1000
17:41:17.001,9.17,1.63,-136.55,275.24,-47.74,-5.3,0.02,0.16,0.92,1000
17:41:17.011,12.14,0.32,-136.65,276.83,-47.07,-11.46,0.06,0.22,0.91,1000
17:41:17.022,15.8,-1.08,-136.81,272.56,-44.39,-17.01,0.06,0.32,0.86,1000
17:41:17.033,20.19,-2.29,-137.03,262.8,-40.91,-22.32,0.08,0.42,0.8,1000
17:41:17.048,24.73,-3.25,-137.3,249.21,-38.17,-26.4,0.07,0.5,0.75,1000
17:41:17.058,29.65,-3.74,-137.61,230.24,-39.45,-28.9,0.05,0.6,0.71,1000
17:41:17.071,34.56,-4.1,-137.93,209.63,-43.11,-29.33,0.07,0.66,0.65,1000
17:41:17.078,38.57,-4.78,-138.24,185.98,-47.32,-26.83,0.07,0.72,0.68,1000
17:41:17.087,43.24,-4.8,-138.51,163.48,-49.27,-23.84,0.03,0.79,0.58,1000
17:41:17.099,47.49,-4.76,-138.77,140.61,-44.27,-23.78,0.05,0.84,0.55,1000
17:41:17.111,51.57,-4.67,-139.03,114.09,-29.94,-23.54,0.05,0.91,0.5,1000
17:41:17.120,54.69,-4.32,-139.27,86.95,-16.77,-19.33,0.04,0.92,0.49,1000
17:41:17.135,56.96,-3.49,-139.43,59.7,-6.16,-9.57,-0.01,0.89,0.5,1000
17:41:17.147,58.03,-2.57,-139.47,37.5,-0.79,0.49,-0.01,0.83,0.51,1000
17:41:17.166,58.5,-1.82,-139.41,21.77,3.54,8.48,-0.0,0.8,0.51,1000
17:41:17.167,58.53,-1.32,-139.29,12.5,8.17,11.71,0.02,0.81,0.53,1000
17:41:17.175,58.54,-1.19,-139.16,5.79,12.93,12.13,0.03,0.83,0.52,1000
17:41:17.186,58.44,-1.35,-139.03,-1.52,16.04,12.07,0.05,0.84,0.53,1000
17:41:17.197,58.45,-1.53,-138.89,-11.04,18.48,12.87,0.05,0.86,0.52,1000
17:41:17.212,58.71,-1.57,-138.74,-25.55,22.13,13.96,0.05,0.88,0.5,1000
17:41:17.219,59.11,-1.51,-138.58,-45.73,27.99,15.3,0.05,0.89,0.46,1000
17:41:17.231,59.53,-1.49,-138.4,-70.85,36.16,17.01,0.05,0.89,0.45,1000
17:41:17.242,59.64,-1.27,-138.2,-103.41,45.12,18.9,0.04,0.9,0.45,1000
17:41:17.252,59.36,-0.89,-137.99,-139.09,53.72,20.37,0.01,0.89,0.46,1000
17:41:17.266,58.67,-0.54,-137.77,-179.21,60.85,19.51,0.04,0.89,0.45,1000
17:41:17.275,57.49,-0.05,-137.57,-218.29,66.4,15.98,0.03,0.88,0.47,1000
17:41:17.285,56.11,0.41,-137.41,-253.54,71.16,14.33,0.03,0.83,0.47,1000
17:41:17.296,53.67,0.74,-137.26,-286.28,75.37,13.05,0.01,0.71,0.52,1000
17:41:17.307,50.44,1.32,-137.11,-312.74,78.17,13.48,-0.01,0.6,0.56,1000
17:41:17.318,45.02,1.5,-136.95,-333.41,81.52,16.46,0.02,0.47,0.68,1000
17:41:17.334,38.72,2.0,-136.74,-348.72,82.93,20.61,-0.01,0.42,0.79,1000
17:41:17.341,32.5,2.74,-136.49,-359.15,82.8,23.41,-0.04,0.37,0.88,1000
17:41:17.354,26.42,3.78,-136.22,-361.77,81.95,25.24,-0.06,0.29,0.87,1000
17:41:17.363,20.78,5.13,-135.93,-354.15,85.0,28.41,-0.13,0.23,0.89,1000
17:41:17.381,15.56,7.1,-135.57,-336.83,86.28,35.79,-0.19,0.15,0.92,1000
17:41:17.384,10.4,8.53,-135.17,-314.21,85.43,44.02,-0.17,0.02,1.01,1000
17:41:17.395,3.71,9.42,-134.57,-275.18,80.18,54.39,-0.19,-0.17,1.15,1000
17:41:17.407,-2.26,10.36,-133.91,-228.05,68.35,65.12,-0.26,-0.31,1.21,1000
17:41:17.419,-7.23,11.41,-133.14,-176.65,56.04,75.3,-0.28,-0.37,1.24,1000
17:41:17.428,-10.8,12.14,-132.25,-119.27,41.52,83.72,-0.29,-0.4,1.21,1000
17:41:17.439,-13.21,12.57,-131.31,-65.85,30.18,86.34,-0.27,-0.36,1.18,1000
17:41:17.450,-14.25,12.73,-130.38,-18.05,19.33,81.4,-0.26,-0.31,1.14,1000
17:41:17.462,-14.08,12.87,-129.55,16.1,5.12,70.91,-0.27,-0.23,1.11,1000
17:41:17.475,-12.76,13.22,-128.83,33.29,-14.27,59.02,-0.29,-0.15,1.08,1000
17:41:17.485,-11.53,13.19,-128.26,40.79,-36.28,46.95,-0.25,-0.16,1.05,1000
17:41:17.495,-10.72,12.27,-127.81,45.49,-52.38,35.12,-0.18,-0.17,1.03,1000
17:41:17.506,-10.03,10.78,-127.5,51.83,-62.44,22.74,-0.13,-0.16,1.04,1000
17:41:17.517,-9.35,9.15,-127.32,59.15,-65.85,12.99,-0.1,-0.16,1.05,1000
17:41:17.528,-8.49,7.52,-127.22,64.94,-64.82,5.49,-0.08,-0.13,1.07,1000
17:41:17.539,-7.21,6.21,-127.19,66.52,-62.2,1.52,-0.09,-0.07,1.07,1000
17:41:17.549,-5.64,5.42,-127.19,63.6,-59.7,-0.49,-0.1,-0.02,1.05,1000
17:41:17.565,-3.87,4.75,-127.2,56.28,-55.79,-2.2,-0.09,0.01,1.03,1000
17:41:17.580,-2.4,4.19,-127.23,45.73,-52.01,-3.78,-0.08,0.04,1.0,1000
17:41:17.583,-0.96,3.69,-127.29,32.44,-47.93,-5.67,-0.06,0.06,0.98,1000
17:41:17.595,0.25,3.15,-127.36,18.66,-43.05,-8.35,-0.05,0.06,0.97,1000
17:41:17.608,1.0,2.57,-127.48,5.98,-37.62,-12.62,-0.03,0.06,0.97,1000
17:41:17.616,1.46,1.84,-127.65,-5.79,-30.49,-18.05,-0.0,0.05,0.98,1000
17:41:17.629,1.47,0.95,-127.88,-14.15,-21.34,-23.35,0.03,0.03,0.98,1000
17:41:17.643,1.32,0.1,-128.18,-20.49,-8.96,-29.39,0.04,0.03,0.99,1000
17:41:17.648,1.26,-0.49,-128.54,-25.3,3.6,-35.49,0.04,0.04,1.0,1000
17:41:17.661,1.41,-0.63,-128.97,-31.22,12.62,-42.13,0.01,0.07,1.04,1000
17:41:17.679,1.63,-0.21,-129.48,-40.37,18.41,-50.43,-0.03,0.08,1.07,1000
17:41:17.684,1.64,0.51,-130.09,-49.88,21.16,-60.55,-0.05,0.05,1.08,1000
17:41:17.693,1.15,1.09,-130.84,-57.5,22.99,-74.21,-0.04,0.01,1.07,1000
17:41:17.705,0.18,1.45,-131.75,-60.06,25.24,-89.02,-0.02,-0.03,1.06,1000
17:41:17.716,-1.04,1.37,-132.83,-55.79,28.17,-105.06,0.0,-0.06,1.06,1000
17:41:17.726,-2.01,1.22,-134.07,-45.98,30.55,-118.66,0.01,-0.06,1.07,1000
17:41:17.737,-2.57,1.42,-135.43,-34.63,29.39,-128.66,-0.02,-0.05,1.08,1000
17:41:17.747,-3.09,1.84,-136.9,-23.11,25.73,-138.05,-0.05,-0.08,1.06,1000
17:41:17.761,-3.54,2.17,-138.48,-13.11,21.34,-147.8,-0.06,-0.08,1.07,1000
17:41:17.789,-3.69,2.68,-140.19,-3.72,13.11,-160.3,-0.09,-0.07,1.06,1000
17:41:17.789,-3.67,3.21,-142.04,5.18,3.96,-175.43,-0.09,-0.07,1.04,1000
17:41:17.792,-3.57,3.64,-144.06,15.85,-3.6,-190.24,-0.11,-0.06,1.02,1000
17:41:17.803,-3.3,4.32,-146.24,27.62,-10.61,-204.39,-0.14,-0.05,1.02,1000
17:41:17.813,-2.86,4.79,-148.57,36.16,-17.32,-216.52,-0.11,-0.04,1.02,1000
17:41:17.826,-2.62,4.49,-151.02,40.37,-24.33,-228.17,-0.06,-0.08,1.02,1000
17:41:17.835,-2.73,3.83,-153.6,41.71,-29.09,-239.57,-0.03,-0.09,0.99,1000
17:41:17.846,-3.65,3.07,-156.31,37.56,-30.24,-251.16,-0.02,-0.16,0.92,1000
17:41:17.857,-4.75,2.26,-159.15,34.27,-28.17,-263.23,-0.03,-0.17,0.98,1000
17:41:17.883,-5.89,1.9,-162.1,27.38,-29.82,-271.77,-0.03,-0.18,0.98,1000
17:41:17.885,-6.45,1.86,-165.1,23.48,-24.7,-274.7,-0.09,-0.1,1.01,1000
17:41:17.891,-6.27,2.5,-168.1,13.96,-24.27,-271.52,-0.1,-0.09,1.02,1000
17:41:17.901,-5.85,3.2,-171.06,9.82,-16.71,-267.01,-0.15,-0.08,1.03,1000
17:41:17.913,-5.49,3.85,-173.98,4.51,-14.7,-263.96,-0.09,-0.06,1.02,1000
17:41:17.924,-5.33,4.18,-176.87,4.21,-9.82,-261.46,-0.1,-0.08,1.02,1000
17:41:17.939,-5.07,4.64,-179.73,2.2,-3.48,-258.78,-0.09,-0.06,0.99,1000
17:41:17.946,-5.04,4.65,-182.55,-0.06,-1.65,-254.94,-0.08,-0.08,0.98,1000
17:41:17.957,-4.94,4.54,-185.32,-0.18,-2.93,-248.35,-0.08,-0.07,0.99,1000
17:41:17.968,-4.76,4.23,-187.99,-4.02,-5.3,-238.17,-0.04,-0.06,1.02,1000
17:41:17.986,-5.07,3.27,-190.55,-8.35,-4.57,-228.66,0.01,-0.12,1.05,1000
17:41:17.992,-5.11,2.95,-193.0,-13.96,5.06,-217.62,-0.03,-0.08,1.04,1000
17:41:18.000,-4.87,3.06,-195.32,-15.24,12.68,-203.72,-0.06,-0.04,1.0,1000
17:41:18.011,-4.35,2.57,-197.46,-4.02,25.24,-188.72,-0.02,-0.03,0.94,1000
17:41:18.023,-3.87,2.34,-199.45,-8.6,29.21,-174.21,-0.0,-0.02,0.91,1000
17:41:18.033,-3.22,1.78,-201.29,-9.27,33.05,-161.04,0.06,0.02,0.92,1000
17:41:18.046,-1.37,0.05,-202.91,-15.91,31.59,-134.33,0.08,0.11,1.0,1000
17:41:18.056,0.15,-0.71,-204.22,-25.73,31.95,-106.16,0.02,0.1,1.05,1000
17:41:18.095,1.23,-0.19,-205.18,-35.73,33.05,-72.74,-0.07,0.09,1.09,1000
17:41:18.098,1.9,1.07,-205.78,-42.26,36.16,-41.77,-0.11,0.11,1.07,1000
17:41:18.098,1.78,2.16,-206.06,-48.35,34.94,-14.57,-0.07,0.02,1.08,1000
17:41:18.101,0.58,3.18,-206.11,-53.48,29.39,3.23,-0.14,-0.06,1.09,1000
17:41:18.111,-0.5,4.69,-205.99,-58.78,18.9,15.55,-0.21,-0.03,1.09,1000
17:41:18.122,-1.25,6.55,-205.75,-63.6,5.3,26.77,-0.26,-0.03,1.1,1000
17:41:18.133,-2.42,8.26,-205.4,-63.54,-2.2,36.04,-0.31,-0.1,1.02,1000
17:41:18.148,-3.55,9.55,-204.94,-57.38,-10.85,47.32,-0.3,-0.11,1.07,1000
17:41:18.156,-4.51,10.69,-204.33,-46.52,-17.07,61.16,-0.31,-0.13,1.11,1000
17:41:18.166,-5.51,11.41,-203.57,-36.46,-25.79,75.49,-0.26,-0.14,1.12,1000
17:41:18.182,-6.19,11.29,-202.64,-28.66,-36.4,92.07,-0.22,-0.13,1.09,1000
17:41:18.194,-6.44,10.8,-201.52,-22.13,-45.18,108.78,-0.19,-0.11,1.07,1000
17:41:18.200,-6.69,10.24,-200.21,-17.87,-54.09,127.07,-0.17,-0.13,1.07,1000
17:41:18.210,-7.15,9.46,-198.69,-15.85,-64.94,147.2,-0.15,-0.16,1.04,1000
17:41:18.220,-7.83,8.28,-196.95,-13.6,-77.68,168.54,-0.1,-0.18,1.03,1000
17:41:18.232,-8.66,6.34,-194.95,-7.01,-86.28,191.83,-0.03,-0.21,1.02,1000
17:41:18.243,-9.35,4.38,-192.71,3.17,-88.11,212.13,-0.02,-0.22,1.03,1000
17:41:18.255,-9.77,3.07,-190.26,16.34,-84.39,231.65,-0.04,-0.19,1.06,1000
17:41:18.265,-9.48,2.13,-187.6,25.67,-78.05,249.02,-0.04,-0.13,1.08,1000
17:41:18.276,-8.05,1.57,-184.74,28.6,-71.28,268.35,-0.06,-0.06,1.05,1000
17:41:18.300,-6.62,1.28,-181.66,30.73,-63.72,290.85,-0.04,-0.06,0.98,1000
17:41:18.300,-5.9,0.93,-178.33,36.46,-53.96,312.32,-0.03,-0.09,0.97,1000
17:41:18.308,-5.92,0.7,-174.77,43.78,-39.7,331.4,-0.03,-0.15,0.91,1000
17:41:18.321,-9.09,-1.48,-171.08,47.2,-24.51,336.59,0.13,-0.45,0.88,1000
17:41:18.331,-11.7,-1.18,-167.38,51.71,-8.05,335.98,-0.03,-0.39,0.98,1000
17:41:18.342,-12.71,-0.35,-163.69,52.2,4.82,336.04,-0.05,-0.29,1.1,1000
17:41:18.353,-11.69,0.97,-159.98,46.22,11.46,338.54,-0.12,-0.16,1.14,1000
17:41:18.363,-10.12,2.21,-156.23,35.79,16.34,342.26,-0.08,-0.13,1.12,1000
17:41:18.378,-9.62,2.26,-152.45,24.45,19.82,345.79,0.01,-0.19,1.03,1000
17:41:18.396,-10.09,1.44,-148.61,11.71,25.98,350.73,0.09,-0.23,0.91,1000
17:41:18.401,-11.6,1.18,-144.73,4.21,35.55,353.54,0.01,-0.3,0.92,1000
17:41:18.411,-13.45,2.27,-140.85,3.84,45.06,352.56,-0.12,-0.36,0.95,1000
17:41:18.420,-15.17,3.87,-136.99,5.18,48.41,349.63,-0.15,-0.4,1.0,1000
17:41:18.430,-16.4,5.11,-133.17,5.18,46.59,344.51,-0.13,-0.35,1.03,1000
17:41:18.444,-16.57,5.5,-129.42,1.1,42.2,337.74,-0.05,-0.32,1.07,1000
17:41:18.452,-16.49,5.17,-125.75,-2.8,39.33,331.4,-0.03,-0.31,1.09,1000
17:41:18.462,-16.25,4.6,-122.14,-7.93,32.5,325.79,-0.02,-0.27,1.12,1000
17:41:18.474,-15.63,4.01,-118.58,-12.62,26.52,322.07,0.01,-0.22,1.09,1000
17:41:18.492,-14.75,3.22,-115.06,-13.54,24.76,318.78,0.03,-0.16,1.03,1000
17:41:18.504,-13.75,2.49,-111.58,-10.12,26.34,314.33,0.01,-0.14,0.94,1000
17:41:18.506,-12.57,2.05,-108.46,-8.48,28.29,309.51,0.01,-0.12,0.93,1000
17:41:18.517,-11.01,1.96,-104.79,-8.66,31.52,303.05,-0.03,-0.05,0.94,1000
17:41:18.530,-8.52,2.24,-101.5,-11.22,31.89,295.06,-0.05,0.03,0.99,1000
17:41:18.542,-6.28,3.44,-98.31,-16.16,24.39,285.49,-0.13,0.05,0.98,1000
17:41:18.550,-4.16,4.46,-95.25,-20.37,14.63,271.95,-0.1,0.08,1.03,1000
17:41:18.562,-2.64,4.33,-92.36,-23.48,2.26,255.37,-0.04,0.04,1.0,1000
17:41:18.572,-2.17,3.76,-89.68,-21.77,-11.46,234.21,-0.04,-0.01,0.98,1000
17:41:18.587,-2.07,3.32,-87.24,-17.07,-25.0,212.13,-0.05,-0.03,0.96,1000
17:41:18.602,-2.04,2.66,-85.03,-10.12,-36.28,191.89,-0.02,-0.03,0.97,1000
17:41:18.606,-1.83,1.73,-83.04,0.24,-45.12,171.1,0.0,-0.01,0.98,1000
17:41:18.616,-1.39,0.77,-81.29,10.85,-52.62,151.59,0.01,-0.01,0.99,1000
17:41:18.627,-0.91,-0.02,-79.75,22.93,-59.21,131.34,-0.0,0.0,1.0,1000
17:41:18.639,0.02,-0.4,-78.42,32.13,-65.55,111.77,-0.02,0.04,1.02,1000
17:41:18.650,1.25,-0.67,-77.33,38.72,-71.04,88.9,-0.02,0.07,1.03,1000
17:41:18.661,2.2,-1.03,-76.51,41.04,-74.33,60.37,-0.01,0.06,1.04,1000
17:41:18.674,2.99,-1.51,-76.04,42.13,-72.5,28.29,0.0,0.07,1.05,1000
17:41:18.683,4.04,-1.98,-75.97,40.61,-67.2,-10.3,0.02,0.12,1.04,1000
17:41:18.695,5.43,-2.46,-76.31,35.79,-59.45,-47.5,0.04,0.16,1.07,1000
17:41:18.711,6.95,-2.96,-77.07,28.9,-47.62,-84.82,0.05,0.23,1.09,1000
17:41:18.717,8.62,-3.34,-78.22,18.05,-36.28,-120.06,0.06,0.28,1.07,1000
17:41:18.726,10.45,-3.52,-79.74,8.11,-27.44,-152.01,0.05,0.31,1.03,1000
17:41:18.738,12.37,-3.06,-81.62,-4.94,-23.66,-185.43,-0.0,0.33,1.02,1000
17:41:18.749,13.94,-2.34,-83.86,-12.99,-25.85,-219.94,-0.05,0.29,0.96,1000
17:41:18.760,14.94,-1.61,-86.47,-28.29,-27.68,-252.38,-0.03,0.31,0.98,1000
17:41:18.771,15.18,-0.83,-89.44,-33.23,-24.94,-283.66,-0.06,0.27,0.98,1000
17:41:18.781,14.47,-0.13,-92.7,-42.62,-25.06,-306.22,-0.04,0.21,1.02,1000
17:41:18.810,13.22,0.04,-96.18,-46.1,-21.83,-322.87,-0.01,0.16,1.06,1000
17:41:18.810,11.67,-0.09,-99.81,-45.79,-15.98,-334.82,0.0,0.1,1.06,1000
17:41:18.823,9.65,-0.04,-103.57,-44.7,-8.54,-345.98,-0.01,-0.0,1.02,1000
17:41:18.826,6.4,0.4,-107.44,-44.33,-0.98,-356.89,-0.03,-0.08,0.98,1000
17:41:18.837,3.33,1.23,-111.43,-45.12,3.54,-367.99,-0.05,-0.1,0.92,1000
17:41:18.848,0.58,1.71,-115.55,-47.44,3.48,-380.55,-0.04,-0.12,0.92,1000
17:41:18.858,-1.35,1.97,-119.82,-51.89,-2.13,-393.05,-0.05,-0.11,1.0,1000
17:41:18.871,-2.46,2.32,-124.21,-52.13,-6.65,-404.57,-0.08,-0.04,1.03,1000
17:41:18.881,-3.12,2.46,-128.71,-51.83,-9.88,-410.85,-0.04,-0.07,1.01,1000
17:41:18.907,-3.93,2.74,-133.24,-46.71,-10.79,-410.37,-0.06,-0.11,0.97,1000
17:41:18.907,-6.1,2.61,-137.72,-39.27,-4.21,-405.06,-0.01,-0.24,0.9,1000
17:41:18.915,-8.66,1.7,-142.12,-31.59,6.71,-395.3,0.06,-0.28,0.89,1000
17:41:18.924,-10.37,0.59,-146.39,-24.57,20.06,-384.27,0.12,-0.26,0.93,1000
17:41:18.936,-11.42,-1.54,-150.52,-18.72,35.61,-368.96,0.17,-0.23,0.94,1000
17:41:18.946,-12.1,-2.44,-154.48,-13.41,43.72,-353.23,0.1,-0.23,0.95,1000
17:41:18.960,-12.23,-2.14,-158.28,-7.38,49.02,-339.21,0.02,-0.22,1.07,1000
17:41:18.970,-12.19,-1.11,-161.95,-3.11,50.91,-330.3,-0.02,-0.2,0.97,1000
17:41:18.981,-12.02,0.24,-165.53,-1.83,50.79,-321.34,-0.01,-0.19,0.97,1000
17:41:18.991,-11.27,1.23,-169.0,-5.43,51.46,-310.73,0.0,-0.12,0.92,1000
17:41:19.004,-10.55,1.03,-172.35,-8.72,57.87,-298.05,0.06,-0.12,0.89,1000
17:41:19.015,-9.66,-0.16,-175.54,-9.63,67.44,-284.09,0.11,-0.09,0.91,1000
17:41:19.023,-9.42,-1.19,-178.58,-13.96,78.54,-267.74,0.14,-0.16,0.96,1000
17:41:19.034,-10.18,-1.65,-181.42,-25.85,87.2,-250.3,0.08,-0.24,1.04,1000
17:41:19.046,-10.73,-0.75,-184.06,-17.2,101.65,-231.52,-0.01,-0.22,1.09,1000
17:41:19.057,-10.7,1.31,-186.5,-13.78,104.39,-213.72,-0.15,-0.18,1.1,1000
17:41:19.068,-10.27,4.54,-188.75,-13.72,94.33,-198.48,-0.29,-0.12,1.09,1000
17:41:19.079,-8.5,8.56,-190.85,-13.54,75.49,-185.85,-0.43,0.01,1.12,1000
17:41:19.091,-6.43,12.67,-192.84,-17.93,50.61,-177.99,-0.53,0.03,1.06,1000
17:41:19.111,-4.7,15.75,-194.74,-19.27,25.98,-166.77,-0.45,0.08,1.12,1000
17:41:19.112,-4.05,17.3,-196.45,-25.0,1.95,-147.93,-0.38,-0.1,1.11,1000
17:41:19.133,-4.91,17.31,-197.96,-22.32,-8.11,-129.09,-0.33,-0.16,1.13,1000
17:41:19.137,-5.91,16.39,-199.24,-19.02,-12.74,-105.24,-0.23,-0.21,1.17,1000
17:41:19.157,-7.05,15.14,-200.2,-12.99,-14.27,-71.22,-0.2,-0.24,1.14,1000
17:41:19.158,-8.1,14.03,-200.74,-8.9,-23.05,-31.28,-0.21,-0.21,1.07,1000
17:41:19.167,-7.94,13.45,-200.83,-1.65,-37.62,6.83,-0.24,-0.09,1.05,1000
17:41:19.177,-7.07,12.86,-200.56,0.98,-55.3,36.34,-0.22,-0.09,1.05,1000
17:41:19.188,-6.51,12.28,-200.02,4.63,-70.61,59.88,-0.24,-0.09,1.05,1000
17:41:19.213,-5.88,11.48,-199.23,4.09,-82.74,81.28,-0.2,-0.08,1.1,1000
17:41:19.215,-5.57,9.9,-198.2,1.28,-88.05,104.21,-0.12,-0.11,1.12,1000
17:41:19.221,-5.78,7.97,-196.88,-0.37,-89.15,133.41,-0.05,-0.15,1.11,1000
17:41:19.232,-6.26,5.51,-195.23,1.28,-88.11,162.32,0.0,-0.15,1.07,1000
17:41:19.243,-6.61,3.39,-193.27,5.3,-88.41,191.83,-0.0,-0.14,1.05,1000
17:41:19.255,-6.81,2.02,-190.99,6.34,-91.71,217.2,-0.02,-0.16,1.03,1000
17:41:19.267,-7.15,1.13,-188.46,11.46,-91.28,238.66,-0.03,-0.14,0.97,1000
17:41:19.277,-6.82,0.73,-185.73,17.87,-89.57,256.4,-0.06,-0.09,0.96,1000
17:41:19.288,-6.2,0.72,-182.82,23.54,-86.28,270.79,-0.07,-0.08,0.92,1000
17:41:19.299,-5.87,0.55,-179.77,31.1,-76.83,280.85,-0.02,-0.11,0.93,1000
17:41:19.315,-5.62,-0.28,-176.63,39.21,-60.91,288.48,0.04,-0.12,0.97,1000
17:41:19.322,-5.71,-1.57,-173.4,46.04,-38.23,297.68,0.11,-0.16,0.99,1000
17:41:19.334,-5.73,-2.72,-170.05,48.6,-13.54,310.85,0.11,-0.13,0.98,1000
17:41:19.342,-5.84,-3.13,-166.55,45.73,7.8,323.84,0.02,-0.17,0.99,1000
17:41:19.354,-6.18,-1.46,-162.95,24.02,2.8,325.98,-0.17,-0.18,1.3,1000
17:41:19.366,-6.05,0.58,-159.38,-31.22,-24.02,325.3,-0.15,-0.13,1.03,1000
17:41:19.383,-9.18,1.55,-155.8,-61.77,-29.76,325.85,-0.09,-0.37,0.83,1000
17:41:19.387,-12.37,1.81,-152.21,-56.34,-19.21,328.23,-0.01,-0.32,0.93,1000
17:41:19.403,-13.64,1.57,-148.55,-43.9,-6.04,335.49,-0.02,-0.26,0.99,1000
17:41:19.415,-14.53,0.8,-144.82,-42.44,-0.55,341.59,0.1,-0.28,0.96,1000
17:41:19.433,-15.32,-0.75,-141.05,-37.93,12.01,343.17,0.13,-0.26,0.96,1000
17:41:19.433,-15.37,-2.05,-137.31,-44.39,19.82,336.65,0.18,-0.23,0.98,1000
17:41:19.442,-15.7,-3.68,-133.68,-52.01,25.98,323.29,0.17,-0.23,0.85,1000
17:41:19.452,-16.2,-4.38,-130.26,-58.35,25.49,299.57,0.11,-0.22,0.85,1000
17:41:19.468,-16.31,-4.56,-127.14,-64.21,22.44,269.76,0.09,-0.21,0.81,1000
17:41:19.478,-16.69,-4.7,-124.38,-61.77,21.1,233.72,0.11,-0.24,0.96,1000
17:41:19.485,-16.7,-4.41,-122.08,-57.07,24.39,190.06,0.04,-0.25,0.99,1000
17:41:19.497,-16.49,-2.82,-120.25,-50.12,27.07,147.26,-0.08,-0.26,1.08,1000
17:41:19.513,-16.33,-0.42,-118.92,-40.98,27.26,101.28,-0.18,-0.27,1.1,1000
17:41:19.522,-15.99,1.98,-118.08,-30.73,23.72,57.93,-0.2,-0.24,1.11,1000
17:41:19.530,-15.01,3.98,-117.67,-19.21,17.74,21.65,-0.21,-0.17,1.12,1000
17:41:19.541,-13.37,5.47,-117.64,-8.05,8.48,-11.34,-0.18,-0.11,1.07,1000
17:41:19.551,-11.38,6.27,-117.93,0.61,-3.96,-37.5,-0.15,-0.06,1.04,1000
17:41:19.562,-9.12,6.64,-118.49,8.29,-16.34,-59.82,-0.14,-0.04,1.01,1000
17:41:19.573,-7.57,6.91,-119.26,12.26,-25.67,-76.83,-0.16,-0.07,1.01,1000
17:41:19.585,-6.96,7.46,-120.18,14.51,-30.49,-88.72,-0.19,-0.14,1.04,1000
17:41:19.595,-7.33,7.94,-121.22,17.62,-30.79,-99.45,-0.2,-0.21,1.04,1000
17:41:19.606,-8.09,8.44,-122.37,22.07,-28.41,-107.93,-0.2,-0.23,1.06,1000
17:41:19.631,-8.81,8.54,-123.59,25.49,-27.44,-112.93,-0.15,-0.25,1.02,1000
17:41:19.631,-9.59,7.95,-124.84,28.66,-26.52,-113.17,-0.1,-0.25,1.02,1000
17:41:19.641,-10.15,7.05,-126.06,33.9,-22.8,-109.09,-0.06,-0.26,1.03,1000
17:41:19.651,-10.7,6.03,-127.21,41.71,-13.84,-99.27,-0.05,-0.27,1.05,1000
17:41:19.662,-11.04,5.4,-128.22,49.76,-0.98,-85.0,-0.07,-0.27,1.06,1000
17:41:19.673,-11.32,5.19,-129.03,56.46,14.09,-64.76,-0.08,-0.28,1.05,1000
17:41:19.684,-11.4,5.32,-129.61,60.73,30.06,-42.2,-0.08,-0.26,1.04,1000
17:41:19.695,-11.09,5.41,-129.92,62.74,50.18,-16.95,-0.05,-0.22,1.05,1000
17:41:19.706,-10.28,5.21,-129.94,61.34,72.68,8.9,0.01,-0.16,1.03,1000
17:41:19.718,-9.23,4.81,-129.71,60.24,98.84,31.89,0.01,-0.14,1.02,1000
17:41:19.728,-8.27,4.9,-129.23,54.09,125.49,52.56,-0.0,-0.12,0.96,1000
17:41:19.740,-7.56,5.6,-128.55,47.07,151.83,67.2,-0.08,-0.12,0.93,1000
17:41:19.751,-7.26,7.18,-127.75,34.21,170.0,76.04,-0.1,-0.14,0.92,1000
17:41:19.761,-7.26,8.72,-126.89,22.38,193.29,80.12,-0.08,-0.12,0.88,1000
17:41:19.772,-7.05,10.0,-125.99,15.06,214.15,81.65,-0.09,-0.09,0.88,1000
17:41:19.783,-6.07,11.56,-125.09,8.96,231.1,82.68,-0.14,-0.03,0.95,1000
17:41:19.794,-4.94,13.69,-124.18,4.88,244.63,82.2,-0.23,-0.02,0.89,1000
17:41:19.805,-4.19,17.28,-123.29,3.35,255.98,78.72,-0.34,-0.03,0.86,1000
17:41:19.816,-3.58,21.8,-122.46,4.63,264.94,72.93,-0.43,-0.04,0.83,1000
17:41:19.829,-3.39,26.25,-121.7,7.99,270.18,66.28,-0.51,-0.06,0.81,1000
17:41:19.839,-3.37,29.88,-121.08,12.32,270.55,58.48,-0.53,-0.06,0.79,1000
17:41:19.849,-2.92,33.63,-120.46,16.4,264.02,46.95,-0.53,-0.02,0.78,1000
17:41:19.860,-2.44,36.44,-120.02,19.02,253.78,34.39,-0.53,-0.03,0.75,1000
17:41:19.870,-2.03,38.95,-119.72,22.87,245.67,21.16,-0.6,-0.02,0.75,1000
17:41:19.882,-1.75,42.28,-119.57,25.37,235.12,7.93,-0.72,-0.04,0.71,1000
17:41:19.893,-1.69,45.55,-119.55,26.22,223.23,-3.05,-0.77,-0.04,0.7,1000
17:41:19.904,-1.24,48.37,-119.63,24.45,212.2,-10.79,-0.78,-0.0,0.68,1000
17:41:19.914,-0.72,50.88,-119.8,20.73,203.9,-18.11,-0.82,0.02,0.65,1000
17:41:19.927,0.16,53.35,-120.01,15.98,197.44,-19.02,-0.87,0.04,0.62,1000
17:41:19.937,0.64,55.8,-120.19,13.66,190.37,-14.82,-0.91,0.01,0.59,1000
17:41:19.947,0.87,58.54,-120.32,6.95,175.06,-9.15,-0.96,0.03,0.54,1000
17:41:19.958,0.83,60.56,-120.39,-6.89,156.65,-4.57,-0.98,-0.0,0.56,1000
17:41:19.969,0.23,62.25,-120.43,-12.38,140.61,-3.05,-1.0,-0.04,0.53,1000
17:41:19.980,-0.57,63.61,-120.47,-21.77,119.94,-4.94,-1.02,-0.06,0.52,1000
17:41:19.991,-1.08,64.75,-120.54,-23.17,100.55,-6.65,-1.02,-0.03,0.5,1000
17:41:20.002,-1.42,65.58,-120.61,-21.04,82.5,-6.1,-0.97,-0.01,0.45,1000
17:41:20.013,-0.81,65.93,-120.66,-20.43,61.95,-2.5,-0.99,0.05,0.49,1000
17:41:20.034,-0.5,66.27,-120.66,-21.4,42.26,0.91,-1.02,0.0,0.47,1000
17:41:20.038,-0.66,66.74,-120.65,-19.09,25.73,1.16,-1.04,-0.02,0.43,1000
17:41:20.048,-0.86,66.85,-120.66,-20.12,4.82,-2.32,-1.03,-0.02,0.47,1000
17:41:20.058,-0.93,66.57,-120.72,-23.35,-17.93,-9.33,-1.02,-0.01,0.46,1000
17:41:20.069,-1.12,66.02,-120.89,-22.87,-43.11,-20.06,-1.01,-0.02,0.47,1000
17:41:20.083,-1.44,65.28,-121.18,-21.46,-71.22,-33.05,-1.01,-0.04,0.47,1000
17:41:20.092,-1.92,64.54,-121.62,-16.34,-99.45,-45.67,-0.99,-0.08,0.44,1000
17:41:20.101,-2.68,63.39,-122.21,-8.11,-130.12,-58.84,-0.96,-0.1,0.48,1000
17:41:20.112,-3.56,61.72,-122.93,0.85,-157.8,-70.79,-0.91,-0.13,0.49,1000
17:41:20.133,-4.46,59.41,-123.79,10.79,-182.74,-84.51,-0.87,-0.15,0.53,1000
17:41:20.137,-5.26,56.78,-124.81,18.66,-204.57,-99.15,-0.83,-0.15,0.57,1000
17:41:20.146,-5.58,54.09,-125.98,25.79,-221.28,-111.46,-0.79,-0.15,0.6,1000
17:41:20.156,-6.01,51.11,-127.27,33.35,-235.85,-122.01,-0.76,-0.16,0.64,1000
17:41:20.168,-6.7,48.16,-128.66,39.51,-249.15,-128.23,-0.73,-0.2,0.63,1000
17:41:20.178,-7.74,45.5,-130.08,47.5,-264.88,-129.21,-0.7,-0.22,0.63,1000
17:41:20.190,-8.27,42.97,-131.48,55.79,-280.12,-126.4,-0.67,-0.18,0.65,1000
17:41:20.201,-7.8,40.57,-132.85,63.35,-293.35,-121.46,-0.67,-0.13,0.68,1000
17:41:20.212,-6.8,38.2,-134.16,67.56,-303.72,-117.44,-0.63,-0.09,0.73,1000
17:41:20.222,-5.74,35.27,-135.44,70.12,-309.02,-116.34,-0.55,-0.07,0.75,1000
17:41:20.245,-4.77,31.86,-136.72,73.96,-308.11,-116.95,-0.48,-0.05,0.79,1000
17:41:20.246,-3.64,28.32,-138.01,77.44,-304.21,-116.77,-0.41,-0.02,0.82,1000
17:41:20.255,-2.19,24.94,-139.29,81.52,-296.95,-115.18,-0.37,-0.01,0.8,1000
17:41:20.266,-0.76,21.92,-140.53,85.06,-291.04,-110.79,-0.33,0.02,0.8,1000
17:41:20.278,0.38,19.15,-141.71,85.24,-284.02,-104.51,-0.3,0.01,0.79,1000
17:41:20.288,1.51,16.54,-142.81,82.26,-273.66,-96.4,-0.25,0.04,0.8,1000
17:41:20.300,2.78,13.65,-143.81,73.41,-260.85,-86.46,-0.18,0.05,0.83,1000
17:41:20.310,3.17,10.14,-144.7,59.33,-243.78,-76.59,-0.08,0.01,0.86,1000
17:41:20.321,2.56,5.96,-145.49,44.21,-220.06,-67.68,0.03,-0.05,0.87,1000
17:41:20.342,1.34,1.74,-146.18,30.24,-192.56,-57.87,0.09,-0.07,0.95,1000
17:41:20.347,0.12,-1.99,-146.74,13.41,-159.45,-45.61,0.15,-0.1,1.0,1000
17:41:20.357,-1.21,-4.93,-147.16,-3.54,-127.87,-32.26,0.19,-0.13,1.02,1000
17:41:20.365,-2.79,-7.13,-147.42,-21.34,-95.06,-18.35,0.19,-0.15,1.0,1000
17:41:20.377,-4.41,-8.56,-147.55,-37.2,-65.55,-6.28,0.16,-0.13,0.99,1000
17:41:20.390,-5.46,-9.29,-147.55,-51.89,-37.5,5.18,0.16,-0.1,0.98,1000
17:41:20.399,-6.25,-9.78,-147.42,-63.17,-12.62,15.67,0.19,-0.1,1.0,1000
17:41:20.410,-7.02,-10.11,-147.2,-71.04,9.09,23.23,0.2,-0.12,1.03,1000
17:41:20.422,-8.0,-10.09,-146.91,-74.88,31.89,28.54,0.2,-0.15,1.07,1000
17:41:20.435,-9.21,-9.67,-146.58,-78.05,52.62,31.4,0.18,-0.2,1.1,1000
17:41:20.443,-10.66,-8.84,-146.22,-80.61,74.21,34.51,0.15,-0.25,1.11,1000
17:41:20.453,-12.18,-7.64,-145.81,-84.82,90.73,38.05,0.12,-0.28,1.11,1000
17:41:20.464,-13.7,-6.06,-145.38,-88.54,101.83,41.22,0.07,-0.28,1.08,1000
17:41:20.476,-15.09,-4.21,-144.91,-92.2,107.62,43.78,0.02,-0.29,1.04,1000
17:41:20.487,-16.54,-2.32,-144.42,-92.56,108.23,44.21,0.0,-0.32,1.03,1000
17:41:20.498,-17.8,-0.74,-143.94,-91.1,105.91,43.41,-0.02,-0.33,1.04,1000
17:41:20.508,-18.81,0.75,-143.48,-84.02,102.74,41.34,-0.04,-0.35,1.06,1000
17:41:20.520,-19.62,2.14,-143.03,-76.34,97.2,39.7,-0.06,-0.37,1.1,1000
17:41:20.533,-20.4,3.56,-142.6,-61.34,91.83,38.29,-0.11,-0.41,1.12,1000
17:41:20.541,-21.22,5.04,-142.18,-43.96,85.12,38.17,-0.16,-0.45,1.14,1000
17:41:20.554,-21.94,6.49,-141.76,-23.23,73.23,38.29,-0.2,-0.51,1.15,1000
17:41:20.564,-22.68,7.73,-141.34,1.77,59.33,38.35,-0.23,-0.57,1.18,1000
17:41:20.576,-23.74,8.82,-140.92,29.21,43.35,38.72,-0.24,-0.63,1.16,1000
17:41:20.585,-24.26,9.45,-140.49,63.05,25.06,38.96,-0.23,-0.6,1.16,1000
17:41:20.598,-24.09,9.66,-140.07,95.43,7.13,37.74,-0.22,-0.57,1.17,1000
17:41:20.608,-23.43,9.64,-139.67,126.04,-11.4,33.96,-0.22,-0.54,1.15,1000
17:41:20.618,-22.44,9.6,-139.33,152.99,-27.13,29.02,-0.22,-0.5,1.12,1000
17:41:20.648,-21.05,9.32,-139.04,178.9,-41.46,22.87,-0.2,-0.44,1.11,1000
17:41:20.649,-19.33,8.91,-138.83,200.37,-53.9,16.52,-0.17,-0.38,1.06,1000
17:41:20.655,-17.51,8.26,-138.7,215.91,-63.72,9.63,-0.13,-0.33,1.02,1000
17:41:20.663,-15.28,6.89,-138.64,230.61,-72.5,0.61,-0.08,-0.3,1.04,1000
17:41:20.674,-13.42,5.23,-138.69,241.28,-76.89,-7.5,-0.04,-0.29,1.04,1000
17:41:20.686,-11.23,3.62,-138.82,250.85,-78.66,-15.37,-0.02,-0.22,1.04,1000
17:41:20.696,-8.76,2.52,-139.04,257.44,-79.76,-23.54,-0.05,-0.13,0.99,1000
17:41:20.706,-5.7,1.99,-139.34,261.16,-80.06,-29.76,-0.06,-0.04,0.92,1000
17:41:20.718,-2.03,1.51,-139.68,263.41,-75.79,-31.04,-0.05,0.03,0.89,1000
17:41:20.730,1.86,1.03,-140.0,262.87,-69.21,-27.87,-0.03,0.11,0.92,1000
17:41:20.743,5.4,0.61,-140.28,257.44,-59.21,-22.99,-0.04,0.11,0.96,1000
17:41:20.751,8.06,0.27,-140.5,254.02,-51.59,-17.13,-0.03,0.13,0.95,1000
17:41:20.763,10.46,0.43,-140.65,253.41,-48.78,-11.83,-0.06,0.17,0.95,1000
17:41:20.772,13.01,0.41,-140.76,251.95,-47.2,-8.54,-0.02,0.25,0.91,1000
17:41:20.784,16.84,0.21,-140.85,249.21,-44.02,-9.15,-0.0,0.38,0.88,1000
17:41:20.794,21.44,-0.29,-140.97,242.26,-40.0,-11.77,0.02,0.46,0.77,1000
17:41:20.805,26.03,-0.89,-141.11,231.65,-37.68,-13.05,0.01,0.49,0.76,1000
17:41:20.816,30.24,-1.08,-141.24,214.45,-36.65,-10.55,-0.0,0.57,0.74,1000
17:41:20.833,34.23,-1.12,-141.33,191.22,-38.29,-5.98,-0.01,0.64,0.73,1000
17:41:20.852,37.8,-1.05,-141.38,167.62,-39.27,-3.54,-0.01,0.69,0.71,1000
17:41:20.853,41.26,-1.01,-141.41,143.9,-37.44,-2.32,0.02,0.8,0.71,1000
17:41:20.860,44.17,-1.09,-141.43,121.04,-29.51,-2.74,-0.01,0.78,0.66,1000
17:41:20.872,47.42,-1.01,-141.47,95.24,-24.94,-3.11,-0.01,0.83,0.6,1000
17:41:20.882,50.38,-0.82,-141.5,71.04,-17.62,-2.62,-0.02,0.91,0.55,1000
17:41:20.894,53.11,-0.62,-141.52,45.79,-14.63,-1.71,-0.01,0.91,0.55,1000
17:41:20.907,54.98,-0.51,-141.53,21.46,-9.94,0.43,0.0,0.89,0.52,1000
17:41:20.916,55.75,-0.52,-141.51,1.83,-1.28,2.99,0.02,0.85,0.55,1000
17:41:20.926,56.31,-0.32,-141.46,-20.06,7.26,5.24,-0.01,0.91,0.55,1000
17:41:20.939,56.87,0.21,-141.38,-45.98,12.62,8.23,-0.03,0.97,0.56,1000
17:41:20.951,57.24,0.49,-141.28,-72.56,15.61,10.49,-0.0,1.01,0.56,1000
17:41:20.961,57.17,0.3,-141.15,-107.87,19.7,11.28,0.06,0.99,0.58,1000
17:41:20.970,56.99,-0.51,-141.04,-142.38,22.01,9.51,0.11,0.97,0.51,1000
17:41:20.981,56.37,-1.28,-140.95,-180.85,26.89,6.59,0.13,0.93,0.53,1000
17:41:20.994,54.65,-2.68,-140.89,-218.84,32.26,3.84,0.14,0.79,0.55,1000
17:41:21.004,51.83,-3.31,-140.86,-254.51,36.89,2.32,0.11,0.7,0.61,1000
17:41:21.020,48.52,-3.4,-140.83,-284.33,43.78,2.87,0.07,0.61,0.59,1000
17:41:21.026,44.35,-2.94,-140.79,-307.13,50.98,4.82,0.03,0.52,0.65,1000
17:41:21.038,38.86,-1.48,-140.72,-327.38,58.05,8.05,-0.05,0.39,0.71,1000
17:41:21.054,32.42,0.53,-140.61,-340.73,66.28,10.49,-0.09,0.28,0.77,1000
17:41:21.058,25.42,2.63,-140.47,-345.55,78.17,15.06,-0.11,0.19,0.85,1000
17:41:21.071,19.02,4.18,-140.27,-342.44,89.15,20.49,-0.08,0.12,0.87,1000
17:41:21.080,13.4,5.14,-140.02,-335.37,95.06,24.21,-0.05,0.12,0.89,1000
17:41:21.091,8.69,5.61,-139.74,-324.88,94.09,27.26,-0.04,0.09,0.89,1000
17:41:21.102,4.18,5.91,-139.43,-310.18,90.85,28.48,-0.04,-0.0,0.93,1000
17:41:21.113,-0.47,5.28,-139.13,-290.61,81.4,25.49,0.02,-0.1,0.92,1000
17:41:21.125,-5.58,5.28,-138.89,-265.12,69.27,17.87,-0.05,-0.22,0.94,1000
17:41:21.135,-10.35,5.44,-138.74,-236.46,58.23,9.94,-0.06,-0.29,0.96,1000
17:41:21.147,-14.66,5.81,-138.66,-203.6,46.46,6.71,-0.11,-0.39,0.98,1000
17:41:21.166,-18.21,6.59,-138.57,-169.94,33.41,10.98,-0.17,-0.44,1.04,1000
17:41:21.171,-20.56,7.45,-138.41,-136.65,23.48,18.23,-0.22,-0.45,1.1,1000
17:41:21.183,-22.12,8.64,-138.15,-101.28,11.77,23.23,-0.3,-0.47,1.15,1000
17:41:21.191,-23.01,9.85,-137.89,-68.84,1.71,23.6,-0.31,-0.49,1.18,1000
17:41:21.201,-23.33,10.57,-137.65,-33.17,-6.1,20.24,-0.28,-0.47,1.17,1000
17:41:21.212,-23.16,11.07,-137.46,0.3,-15.3,14.7,-0.3,-0.45,1.15,1000
17:41:21.224,-22.42,11.53,-137.34,32.68,-27.74,7.44,-0.27,-0.4,1.08,1000
17:41:21.235,-21.57,11.0,-137.3,56.46,-41.52,1.46,-0.18,-0.38,1.02,1000
17:41:21.246,-20.32,10.02,-137.32,72.68,-50.67,-4.15,-0.14,-0.32,1.04,1000
17:41:21.263,-18.6,8.54,-137.39,81.4,-51.59,-8.84,-0.08,-0.27,1.03,1000
17:41:21.268,-17.16,7.39,-137.49,84.94,-44.88,-11.28,-0.1,-0.27,1.05,1000
17:41:21.278,-16.18,6.94,-137.63,82.87,-36.83,-9.33,-0.14,-0.32,1.03,1000
17:41:21.290,-15.46,6.48,-137.69,78.17,-30.06,-2.93,-0.1,-0.29,1.04,1000
17:41:21.301,-14.55,5.73,-137.68,69.39,-24.63,3.9,-0.06,-0.23,1.0,1000
17:41:21.311,-13.13,4.75,-137.61,58.78,-22.07,7.68,-0.02,-0.15,0.97,1000
17:41:21.322,-11.29,3.75,-137.52,48.05,-21.28,7.93,-0.02,-0.11,0.95,1000
17:41:21.333,-9.76,3.08,-137.45,36.4,-21.4,5.55,-0.03,-0.09,0.95,1000
17:41:21.344,-8.26,2.76,-137.39,24.39,-22.87,4.51,-0.05,-0.06,0.96,1000
17:41:21.371,-6.89,2.75,-137.35,12.56,-21.89,4.02,-0.08,-0.05,1.0,1000
17:41:21.371,-6.11,3.02,-137.31,2.68,-18.72,4.21,-0.09,-0.08,1.01,1000
17:41:21.378,-6.03,3.05,-137.25,-3.84,-14.09,6.34,-0.06,-0.12,1.01,1000
17:41:21.390,-6.5,2.84,-137.15,-4.39,-8.48,11.52,-0.04,-0.15,1.0,1000
17:41:21.399,-7.25,2.76,-136.98,0.67,-3.66,18.23,-0.06,-0.19,1.02,1000
17:41:21.412,-8.25,2.85,-136.73,9.7,0.43,26.1,-0.05,-0.22,1.04,1000
17:41:21.422,-8.6,3.0,-136.41,20.49,4.15,32.32,-0.08,-0.18,1.05,1000
17:41:21.432,-8.57,3.28,-136.02,31.1,5.0,36.4,-0.08,-0.17,1.05,1000
17:41:21.444,-8.16,3.52,-135.61,41.52,4.57,38.17,-0.08,-0.14,1.03,1000
17:41:21.461,-7.53,3.81,-135.19,47.2,2.56,37.68,-0.08,-0.12,1.04,1000
17:41:21.468,-6.69,3.95,-134.79,48.35,1.04,35.43,-0.08,-0.09,1.05,1000
17:41:21.476,-5.81,4.18,-134.42,45.24,0.61,31.71,-0.09,-0.07,1.05,1000
17:41:21.487,-4.83,4.5,-134.1,37.68,-2.01,26.46,-0.1,-0.05,1.04,1000
17:41:21.499,-3.82,4.85,-133.85,28.11,-5.79,19.88,-0.12,-0.02,1.04,1000
17:41:21.510,-2.98,5.21,-133.67,18.6,-9.57,13.72,-0.13,-0.01,1.04,1000
17:41:21.520,-2.49,5.54,-133.55,9.21,-12.68,8.29,-0.13,-0.03,1.04,1000
17:41:21.532,-2.36,5.68,-133.48,1.71,-15.37,5.12,-0.11,-0.05,1.04,1000
17:41:21.542,-2.7,5.63,-133.44,-2.62,-17.13,3.78,-0.11,-0.08,1.03,1000
17:41:21.571,-3.38,5.39,-133.4,-3.96,-19.15,3.78,-0.08,-0.11,1.02,1000
17:41:21.571,-4.03,4.77,-133.36,-1.95,-20.43,3.54,-0.05,-0.1,1.01,1000
17:41:21.576,-4.39,4.14,-133.33,1.46,-20.49,1.52,-0.04,-0.09,1.0,1000
17:41:21.586,-4.55,3.62,-133.33,4.45,-19.63,-1.46,-0.05,-0.09,1.0,1000
17:41:21.598,-4.67,3.32,-133.37,7.13,-16.71,-4.88,-0.06,-0.09,0.99,1000
17:41:21.608,-4.82,3.16,-133.44,8.6,-13.54,-7.26,-0.05,-0.1,0.99,1000
17:41:21.619,-4.94,2.94,-133.52,9.82,-10.43,-8.54,-0.04,-0.09,0.98,1000
17:41:21.630,-4.89,2.63,-133.62,10.12,-8.11,-8.96,-0.03,-0.08,0.99,1000
17:41:21.641,-4.64,2.29,-133.72,9.33,-5.37,-8.9,-0.02,-0.06,1.0,1000
17:41:21.652,-4.26,2.02,-133.82,7.38,-2.62,-8.54,-0.02,-0.05,1.0,1000
17:41:21.663,-3.81,1.81,-133.91,4.02,-1.28,-8.17,-0.02,-0.04,0.99,1000
17:41:21.674,-3.28,1.5,-133.99,0.67,-0.37,-7.62,-0.0,-0.02,1.0,1000
17:41:21.686,-2.84,1.23,-134.08,-2.56,0.55,-7.56,-0.0,-0.02,1.0,1000
17:41:21.696,-2.51,1.06,-134.16,-4.94,1.34,-6.83,-0.02,-0.02,1.01,1000
17:41:21.707,-2.33,1.09,-134.23,-6.95,0.67,-5.73,-0.02,-0.03,1.02,1000
17:41:21.720,-2.31,1.01,-134.27,-7.5,0.0,-3.48,-0.01,-0.03,1.03,1000
17:41:21.729,-2.39,0.87,-134.29,-7.62,-1.4,-0.37,-0.01,-0.05,1.04,1000
17:41:21.740,-2.49,0.69,-134.28,-7.2,-3.23,2.44,0.0,-0.05,1.05,1000
17:41:21.751,-2.62,0.44,-134.24,-6.04,-5.12,5.24,0.0,-0.06,1.04,1000
17:41:21.775,-2.79,0.28,-134.16,-3.66,-6.59,7.93,-0.0,-0.06,1.05,1000
17:41:21.775,-3.05,0.12,-134.06,-0.3,-7.44,10.49,0.0,-0.07,1.04,1000
17:41:21.784,-3.17,-0.09,-133.93,3.48,-8.48,12.5,0.01,-0.06,1.03,1000
17:41:21.795,-3.1,-0.34,-133.79,6.77,-8.96,13.41,0.01,-0.05,1.02,1000
17:41:21.806,-2.98,-0.51,-133.64,8.78,-8.9,13.54,0.01,-0.05,1.01,1000
17:41:21.817,-2.85,-0.59,-133.49,9.45,-7.44,13.17,0.0,-0.05,1.0,1000
17:41:21.830,-2.77,-0.56,-133.35,9.02,-4.33,12.99,-0.0,-0.05,1.0,1000
17:41:21.839,-2.78,-0.39,-133.21,7.68,0.18,12.68,-0.01,-0.06,0.99,1000
17:41:21.851,-2.76,-0.06,-133.07,5.85,4.94,12.2,-0.02,-0.05,1.0,1000
17:41:21.864,-2.72,0.29,-132.95,3.6,10.06,11.1,-0.03,-0.05,1.01,1000
17:41:21.877,-2.77,0.66,-132.83,0.91,14.51,10.24,-0.03,-0.06,1.02,1000
17:41:21.884,-2.95,1.04,-132.72,-1.28,17.56,9.88,-0.03,-0.07,1.02,1000
17:41:21.894,-3.33,1.42,-132.61,-3.11,19.7,9.88,-0.03,-0.08,1.02,1000
17:41:21.905,-3.61,1.72,-132.51,-3.48,21.16,9.39,-0.04,-0.08,1.02,1000
17:41:21.920,-3.87,2.13,-132.41,-3.05,22.2,9.02,-0.06,-0.08,1.04,1000
17:41:21.930,-4.07,2.63,-132.31,-1.71,22.32,8.78,-0.07,-0.09,1.05,1000
17:41:21.938,-4.28,3.19,-132.22,0.79,21.04,8.66,-0.08,-0.09,1.06,1000
17:41:21.949,-4.41,3.68,-132.12,4.57,18.6,8.96,-0.09,-0.09,1.07,1000
17:41:21.962,-4.39,3.99,-132.02,9.09,15.3,9.09,-0.09,-0.08,1.06,1000
17:41:21.979,-4.3,4.41,-131.92,13.48,9.09,9.09,-0.1,-0.08,1.06,1000
17:41:21.986,-4.15,4.71,-131.83,15.67,3.66,8.72,-0.1,-0.07,1.06,1000
17:41:21.993,-3.81,4.86,-131.73,16.52,-1.89,8.11,-0.1,-0.05,1.06,1000
17:41:22.004,-3.4,4.95,-131.65,14.94,-5.73,6.95,-0.09,-0.04,1.05,1000
17:41:22.015,-2.97,5.01,-131.58,11.83,-7.56,5.43,-0.1,-0.03,1.04,1000
17:41:22.027,-2.53,5.19,-131.53,8.17,-8.29,3.54,-0.11,-0.02,1.04,1000
17:41:22.037,-2.15,5.34,-131.51,4.02,-8.17,1.22,-0.11,-0.02,1.04,1000
17:41:22.048,-1.87,5.38,-131.51,0.24,-7.5,-1.16,-0.1,-0.02,1.04,1000
17:41:22.062,-1.63,5.44,-131.53,-2.56,-6.65,-3.41,-0.11,-0.01,1.04,1000
17:41:22.086,-1.46,5.44,-131.59,-4.33,-6.22,-5.73,-0.1,-0.01,1.04,1000
17:41:22.086,-1.36,5.25,-131.66,-5.55,-6.77,-7.68,-0.08,-0.02,1.03,1000
17:41:22.095,-1.41,4.97,-131.75,-5.61,-7.13,-8.96,-0.07,-0.03,1.02,1000
17:41:22.104,-1.53,4.52,-131.85,-4.51,-7.26,-8.78,-0.05,-0.04,1.02,1000
17:41:22.114,-1.7,4.08,-131.95,-2.74,-7.13,-8.66,-0.05,-0.04,1.02,1000
17:41:22.126,-1.93,3.76,-132.04,-0.79,-6.34,-7.62,-0.05,-0.05,1.03,1000
17:41:22.136,-2.11,3.5,-132.12,2.2,-5.0,-6.16,-0.05,-0.05,1.04,1000
17:41:22.148,-2.26,3.15,-132.17,4.94,-3.66,-4.02,-0.04,-0.05,1.04,1000
17:41:22.158,-2.4,2.88,-132.2,7.87,-3.11,-1.52,-0.03,-0.06,1.04,1000
17:41:22.185,-2.48,2.6,-132.2,10.12,-2.99,0.79,-0.03,-0.05,1.04,1000
17:41:22.187,-2.39,2.39,-132.18,11.83,-2.44,2.62,-0.03,-0.04,1.03,1000
17:41:22.191,-2.18,2.26,-132.14,11.89,-2.5,3.72,-0.04,-0.03,1.04,1000
17:41:22.203,-1.92,2.22,-132.1,11.22,-2.32,4.27,-0.04,-0.03,1.03,1000
17:41:22.214,-1.74,2.34,-132.05,9.82,-1.77,4.82,-0.05,-0.03,1.03,1000
17:41:22.224,-1.66,2.5,-131.99,8.48,-1.22,5.55,-0.06,-0.03,1.03,1000
17:41:22.237,-1.61,2.71,-131.93,7.01,-0.91,6.52,-0.06,-0.03,1.03,1000
17:41:22.246,-1.53,2.91,-131.85,6.46,-1.34,7.5,-0.07,-0.02,1.02,1000
17:41:22.257,-1.47,3.13,-131.76,6.34,-2.13,8.35,-0.07,-0.03,1.03,1000
17:41:22.269,-1.37,3.26,-131.66,6.46,-2.87,8.6,-0.07,-0.02,1.03,1000
17:41:22.280,-1.16,3.27,-131.57,6.71,-3.78,7.99,-0.06,-0.01,1.03,1000
17:41:22.291,-0.81,3.19,-131.49,6.71,-5.24,6.46,-0.05,0.01,1.03,1000
17:41:22.301,-0.48,3.1,-131.43,6.28,-6.77,4.39,-0.05,0.01,1.02,1000
17:41:22.312,-0.08,2.95,-131.4,5.24,-7.5,2.2,-0.04,0.02,1.02,1000
17:41:22.323,0.19,2.68,-131.38,3.35,-8.11,0.91,-0.03,0.01,1.02,1000
17:41:22.334,0.34,2.42,-131.38,2.01,-7.68,0.12,-0.03,0.01,1.03,1000
17:41:22.346,0.36,2.25,-131.38,1.22,-7.07,-0.06,-0.03,-0.0,1.03,1000
17:41:22.357,0.21,2.01,-131.37,1.34,-6.52,0.91,-0.03,-0.01,1.04,1000
17:41:22.367,0.1,1.81,-131.36,1.77,-6.34,1.4,-0.02,-0.0,1.04,1000
17:41:22.389,0.04,1.59,-131.34,2.32,-6.71,1.95,-0.02,-0.0,1.04,1000
17:41:22.390,-0.06,1.35,-131.32,3.23,-6.89,2.38,-0.01,-0.01,1.03,1000
17:41:22.402,-0.18,1.08,-131.29,3.96,-6.71,3.11,-0.01,-0.02,1.03,1000
17:41:22.411,-0.31,0.85,-131.25,5.3,-5.98,3.84,-0.0,-0.02,1.02,1000
17:41:22.424,-0.39,0.7,-131.2,6.77,-4.45,4.33,-0.01,-0.01,1.02,1000
17:41:22.435,-0.41,0.64,-131.15,7.87,-2.93,4.7,-0.01,-0.01,1.02,1000
17:41:22.446,-0.36,0.74,-131.1,8.66,-1.04,4.82,-0.03,-0.01,1.02,1000
17:41:22.455,-0.29,0.88,-131.04,7.99,0.67,5.06,-0.03,-0.01,1.02,1000
17:41:22.474,-0.28,0.97,-130.99,6.71,1.95,5.67,-0.02,-0.01,1.02,1000
17:41:22.491,-0.41,1.13,-130.91,4.33,3.11,7.26,-0.03,-0.02,1.03,1000
17:41:22.491,-0.47,1.27,-130.83,1.89,3.96,7.99,-0.03,-0.01,1.04,1000
17:41:22.502,-0.49,1.51,-130.74,-0.24,4.57,8.35,-0.05,-0.01,1.04,1000
17:41:22.511,-0.61,1.98,-130.64,-1.22,5.0,8.78,-0.07,-0.02,1.04,1000
17:41:22.521,-0.7,2.52,-130.54,-0.73,4.27,9.39,-0.08,-0.02,1.04,1000
17:41:22.535,-0.65,3.01,-130.45,0.61,3.17,8.41,-0.08,-0.0,1.04,1000
17:41:22.547,-0.56,3.33,-130.36,2.44,1.28,7.26,-0.08,-0.0,1.05,1000
17:41:22.556,-0.43,3.59,-130.29,4.57,-0.61,5.61,-0.08,0.0,1.05,1000
17:41:22.565,-0.25,3.74,-130.24,6.65,-2.32,4.15,-0.08,0.0,1.06,1000
17:41:22.576,-0.18,3.87,-130.2,8.23,-4.15,3.17,-0.08,-0.01,1.05,1000
17:41:22.595,-0.12,3.85,-130.17,10.12,-6.77,2.44,-0.06,0.0,1.05,1000
17:41:22.599,0.06,3.69,-130.15,11.4,-9.27,1.65,-0.05,0.01,1.05,1000
17:41:22.611,0.33,3.4,-130.14,12.56,-11.04,0.24,-0.04,0.02,1.04,1000
17:41:22.620,0.6,3.07,-130.15,12.74,-11.95,-1.52,-0.03,0.02,1.03,1000
17:41:22.631,0.96,2.67,-130.17,12.44,-11.89,-2.87,-0.03,0.03,1.03,1000
17:41:22.642,1.29,2.34,-130.22,12.07,-11.59,-4.51,-0.03,0.03,1.02,1000
17:41:22.653,1.49,2.06,-130.28,12.01,-11.77,-6.1,-0.03,0.02,1.01,1000
17:41:22.664,1.5,1.78,-130.35,12.87,-12.44,-6.77,-0.02,0.01,1.01,1000
17:41:22.676,1.51,1.46,-130.43,13.9,-12.32,-7.32,-0.01,0.02,1.01,1000
17:41:22.697,1.55,1.13,-130.51,14.33,-11.83,-7.2,-0.0,0.02,1.01,1000
17:41:22.703,1.7,0.75,-130.59,13.66,-10.3,-7.26,0.0,0.04,1.02,1000
17:41:22.709,1.96,0.46,-130.67,11.89,-8.72,-7.5,0.0,0.05,1.01,1000
17:41:22.719,2.2,0.3,-130.75,9.51,-7.93,-7.62,0.0,0.04,1.0,1000
17:41:22.730,2.35,0.05,-130.83,7.01,-7.93,-6.95,0.01,0.05,1.0,1000
17:41:22.743,2.53,-0.29,-130.9,4.7,-7.68,-6.52,0.02,0.05,1.0,1000
17:41:22.752,2.69,-0.62,-130.97,2.8,-7.32,-6.4,0.03,0.06,1.0,1000
17:41:22.764,2.8,-0.97,-131.04,1.59,-6.65,-6.65,0.03,0.05,1.0,1000
17:41:22.774,2.92,-1.27,-131.12,0.79,-6.04,-6.71,0.03,0.06,1.0,1000
17:41:22.799,3.07,-1.52,-131.19,0.12,-5.67,-7.38,0.04,0.06,1.0,1000
17:41:22.799,3.16,-1.8,-131.28,0.0,-6.1,-8.35,0.04,0.06,1.0,1000
17:41:22.807,3.25,-2.0,-131.37,0.0,-6.46,-9.39,0.04,0.06,1.0,1000
17:41:22.818,3.25,-2.22,-131.49,0.24,-6.65,-9.76,0.05,0.05,1.0,1000
17:41:22.829,3.18,-2.43,-131.6,0.3,-6.52,-9.76,0.05,0.05,1.01,1000
17:41:22.840,3.14,-2.58,-131.7,0.0,-5.98,-9.94,0.05,0.05,1.01,1000
17:41:22.851,3.04,-2.72,-131.81,-0.24,-5.49,-8.96,0.05,0.04,1.01,1000
17:41:22.863,2.9,-2.83,-131.9,-0.91,-4.33,-8.23,0.05,0.04,1.0,1000
17:41:22.873,2.71,-2.85,-131.99,-1.71,-2.8,-6.83,0.05,0.03,1.0,1000
17:41:22.884,2.56,-2.84,-132.05,-2.32,-0.67,-5.55,0.04,0.04,1.0,1000
17:41:22.903,2.56,-2.65,-132.11,-3.17,2.01,-4.63,0.03,0.05,1.0,1000
17:41:22.907,2.64,-2.35,-132.15,-5.0,4.63,-4.21,0.02,0.06,1.0,1000
